"Source.Uniform","Date.LPC","Trip.ID.by.date","LPC.present","Harvest.kg..NAs.Prey....","Harvest.kg","HarvShare_NotAccounted","Made.Kill","Day.Night","Prey.Number","Prey.Catch.Spa","Prey.Catch","Prey.Catch.2","Prey.Catch.3","Prey.Catch.4","Prey.Catch.5","PC.kg","PC.kg.2","PC.kg.3","PC.kg.4","PC.kg.5","Harvest.guess","hoh.key","Hunter.ID","Hunter.Age","Technology","Hours.hunted","Dogs.used","Assistant.1.ID","Assistant.1.Age","Assistant.1.Technology","Assistant.2.ID","Assistant.2.Age","Assistant.2.Technology","Assistant.3.ID","Assistant.3.Age","Assistant.3.Technology","month","day","yr","month.yr","date"
"Notes","6/17/11",1,"No","deer (x1)",34,34,NA,"day",1,"antelope","yuk","","","","",NA,NA,NA,NA,NA,"Yes",65,"M65A",49,"Shotgun",NA,"No",NA,NA,NA,NA,NA,NA,NA,NA,NA,"06","17","2011","06/2011","06/17/2011"
"Notes","6/29/11",3,"Yes","0",0,0,NA,"day",0,"ground mole traps checked & bird trap set by assistants (pigeon catched on 062911)","","","","","",NA,NA,NA,NA,NA,"No",66,"M66A",33,"Machete",2,"Yes","M65D",16,"Trap","M65E",14,"Trap",NA,NA,NA,"06","29","2011","06/2011","06/29/2011"
"Notes","6/29/11",3,"Yes","0",0,0,NA,"day",0,"ground mole traps checked & bird trap set by assistants (pigeon catched on 062911)","","","","","",NA,NA,NA,NA,NA,"No",0,"M0A",34,"Machete",2,"Yes",NA,NA,NA,NA,NA,NA,NA,NA,NA,"06","29","2011","06/2011","06/29/2011"
"Notes","7/1/11",5,"No","0",0,0,NA,"night",0,"deer","","","","","",NA,NA,NA,NA,NA,"No",19,"M19E",16,"Shotgun",NA,"No",NA,NA,NA,NA,NA,NA,NA,NA,NA,"07","01","2011","07/2011","07/01/2011"
"Notes","7/1/11",5,"No","0",0,0,NA,"night",0,"deer","","","","","",NA,NA,NA,NA,NA,"No",55,"M55A",39,"Machete",NA,"No",NA,NA,NA,NA,NA,NA,NA,NA,NA,"07","01","2011","07/2011","07/01/2011"
"Notes","7/2/11",6,"No","0",0,0,NA,"day",0,"deer","","","","","",NA,NA,NA,NA,NA,"No",19,"M19E",16,"Shotgun",1.5,"No",NA,NA,NA,NA,NA,NA,NA,NA,NA,"07","02","2011","07/2011","07/02/2011"
"Notes","7/2/11",6,"No","0",0,0,NA,"day",0,"deer","","","","","",NA,NA,NA,NA,NA,"No",55,"M55A",39,"Machete",1.5,"No","M55C",13,"Machete",NA,NA,NA,NA,NA,NA,"07","02","2011","07/2011","07/02/2011"
"Notes","7/2/11",7,"Yes","0",0,0,NA,"day",0,"deer","","","","","",NA,NA,NA,NA,NA,"No",0,"M0A",34,"Machete",1.75,"Yes",NA,NA,NA,NA,NA,NA,NA,NA,NA,"07","02","2011","07/2011","07/02/2011"
"Notes","7/2/11",7,"Yes","0",0,0,NA,"day",0,"deer","","","","","",NA,NA,NA,NA,NA,"No",19,"M19E",16,"Shotgun",1.75,"Yes",NA,NA,NA,NA,NA,NA,NA,NA,NA,"07","02","2011","07/2011","07/02/2011"
"Notes","7/2/11",7,"Yes","0",0,0,NA,"day",0,"deer","","","","","",NA,NA,NA,NA,NA,"No",55,"M55A",39,"Machete",1.75,"Yes","M55C",13,"Machete",NA,NA,NA,NA,NA,NA,"07","02","2011","07/2011","07/02/2011"
"Notes","7/2/11",7,"Yes","0",0,0,NA,"day",0,"deer","","","","","",NA,NA,NA,NA,NA,"No",61,"M61A",21,"Machete",1.75,"Yes",NA,NA,NA,NA,NA,NA,NA,NA,NA,"07","02","2011","07/2011","07/02/2011"
"Notes","7/2/11",8,"No","armadillo (x1)",5,5,NA,"day",1,"armadillo","wech","","","","",NA,NA,NA,NA,NA,"Yes",54,"M54A",37,"Machete",NA,"Yes",NA,NA,NA,NA,NA,NA,NA,NA,NA,"07","02","2011","07/2011","07/02/2011"
"Notes","7/5/11",9,"No","armadillo (x1)",5,5,NA,"day",1,"armadillo","wech","","","","",NA,NA,NA,NA,NA,"Yes",29,"M29A",23,"Machete",NA,"Yes",NA,NA,NA,NA,NA,NA,NA,NA,NA,"07","05","2011","07/2011","07/05/2011"
"Notes","7/5/11",11,"No","white collared peccary (x1)",19,19,NA,"day",1,"peccary","kitam","","","","",NA,NA,NA,NA,NA,"Yes",5,"M5A",49,"Machete",NA,"Yes",NA,NA,NA,NA,NA,NA,NA,NA,NA,"07","05","2011","07/2011","07/05/2011"
"Notes","7/5/11",12,"No","paca (x1)",8.5,8.5,NA,"night",1,"gibnut","halee","","","","",NA,NA,NA,NA,NA,"Yes",26,"M26A",58,"Machete",3,"No",NA,NA,NA,NA,NA,NA,NA,NA,NA,"07","05","2011","07/2011","07/05/2011"
"Notes","7/5/11",12,"No","paca (x1)",8.5,8.5,NA,"night",1,"gibnut","halee","","","","",NA,NA,NA,NA,NA,"Yes",45,"M45A",28,"Shotgun",3,"No",NA,NA,NA,NA,NA,NA,NA,NA,NA,"07","05","2011","07/2011","07/05/2011"
"Notes","7/6/11",13,"Yes","0",0,0,NA,"day",0,"peccary, squash","","","","","",NA,NA,NA,NA,NA,"No",0,"M0A",34,"Machete",2.93,"No",NA,NA,NA,NA,NA,NA,NA,NA,NA,"07","06","2011","07/2011","07/06/2011"
"Notes","7/6/11",13,"Yes","0",0,0,NA,"day",0,"peccary, squash","","","","","",NA,NA,NA,NA,NA,"No",65,"M65A",49,"Shotgun",2.93,"No",NA,NA,NA,NA,NA,NA,NA,NA,NA,"07","06","2011","07/2011","07/06/2011"
"Notes","7/7/11",15,"Yes","paca (x1)",8.5,8.5,NA,"night",1,"gibnut","halee","","","","",NA,NA,NA,NA,NA,"Yes",0,"M0A",34,"Machete",3.5,"No",NA,NA,NA,NA,NA,NA,NA,NA,NA,"07","07","2011","07/2011","07/07/2011"
"Notes","7/7/11",15,"Yes","paca (x1)",8.5,8.5,NA,"night",1,"gibnut","halee","","","","",NA,NA,NA,NA,NA,"Yes",26,"M26C",17,"Machete",3.5,"No",NA,NA,NA,NA,NA,NA,NA,NA,NA,"07","07","2011","07/2011","07/07/2011"
"Notes","7/7/11",15,"Yes","paca (x1)",8.5,8.5,NA,"night",1,"gibnut","halee","","","","",NA,NA,NA,NA,NA,"Yes",45,"M45A",28,"Shotgun",3.5,"No",NA,NA,NA,NA,NA,NA,NA,NA,NA,"07","07","2011","07/2011","07/07/2011"
"Notes","7/9/11",16,"Yes","0",0,0,NA,"night",0,"gibnut, antelope","","","","","",NA,NA,NA,NA,NA,"No",0,"M0A",34,"Machete",5.47,"No",NA,NA,NA,NA,NA,NA,NA,NA,NA,"07","09","2011","07/2011","07/09/2011"
"Notes","7/9/11",16,"Yes","0",0,0,NA,"night",0,"gibnut, antelope","","","","","",NA,NA,NA,NA,NA,"No",26,"M26C",17,"Machete",5.47,"No",NA,NA,NA,NA,NA,NA,NA,NA,NA,"07","09","2011","07/2011","07/09/2011"
"Notes","7/9/11",16,"Yes","0",0,0,NA,"night",0,"gibnut, antelope","","","","","",NA,NA,NA,NA,NA,"No",27,"M27A",25,"Machete",5.47,"No",NA,NA,NA,NA,NA,NA,NA,NA,NA,"07","09","2011","07/2011","07/09/2011"
"Notes","7/9/11",16,"Yes","0",0,0,NA,"night",0,"gibnut, antelope","","","","","",NA,NA,NA,NA,NA,"No",45,"M45A",28,"Shotgun",5.47,"No",NA,NA,NA,NA,NA,NA,NA,NA,NA,"07","09","2011","07/2011","07/09/2011"
"Notes","7/9/11",17,"No","coatimundi (x1)",3,3,NA,"day",1,"squash (x2 that week)","chiic","","","","",NA,NA,NA,NA,NA,"Yes",26,"M26A",58,"Shotgun",NA,"Yes",NA,NA,NA,NA,NA,NA,NA,NA,NA,"07","09","2011","07/2011","07/09/2011"
"Notes","7/9/11",17,"No","coatimundi (x1)",3,3,NA,"day",1,"squash (x2 that week)","chiic","","","","",NA,NA,NA,NA,NA,"Yes",5,"M5A",49,"Machete",NA,"Yes",NA,NA,NA,NA,NA,NA,NA,NA,NA,"07","09","2011","07/2011","07/09/2011"
"Notes","7/11/11",18,"No","white collared peccary (x1)",19,19,NA,"day",1,"peccary","kitam","","","","",NA,NA,NA,NA,NA,"Yes",26,"M26A",58,"Shotgun",8,"Yes",NA,NA,NA,NA,NA,NA,NA,NA,NA,"07","11","2011","07/2011","07/11/2011"
"Notes","7/11/11",18,"No","white collared peccary (x1)",19,19,NA,"day",1,"peccary","kitam","","","","",NA,NA,NA,NA,NA,"Yes",5,"M5A",49,"Machete",8,"Yes",NA,NA,NA,NA,NA,NA,NA,NA,NA,"07","11","2011","07/2011","07/11/2011"
"Notes","7/11/11",19,"No","white collared peccary (x1)",19,19,NA,"day",1,"peccary","kitam","","","","",NA,NA,NA,NA,NA,"Yes",26,"M26C",17,"Machete",3.5,"Yes",NA,NA,NA,NA,NA,NA,NA,NA,NA,"07","11","2011","07/2011","07/11/2011"
"Notes","7/11/11",19,"No","white collared peccary (x1)",19,19,NA,"day",1,"peccary","kitam","","","","",NA,NA,NA,NA,NA,"Yes",45,"M45A",28,"Machete",3.5,"Yes",NA,NA,NA,NA,NA,NA,NA,NA,NA,"07","11","2011","07/2011","07/11/2011"
"Notes","7/12/11",20,"No","0",0,0,NA,"day",0,"squash","","","","","",NA,NA,NA,NA,NA,"No",26,"M26A",58,"Shotgun",1.5,"Yes",NA,NA,NA,NA,NA,NA,NA,NA,NA,"07","12","2011","07/2011","07/12/2011"
"Notes","7/14/11",21,"No","0",0,0,NA,"day",0,"squash","","","","","",NA,NA,NA,NA,NA,"No",26,"M26A",58,"Shotgun",NA,"Yes",NA,NA,NA,NA,NA,NA,NA,NA,NA,"07","14","2011","07/2011","07/14/2011"
"Notes","7/14/11",21,"No","0",0,0,NA,"day",0,"squash","","","","","",NA,NA,NA,NA,NA,"No",26,"M26C",17,"Machete",NA,"Yes",NA,NA,NA,NA,NA,NA,NA,NA,NA,"07","14","2011","07/2011","07/14/2011"
"Notes","7/16/11",22,"No","0",0,0,NA,"day",0,"peccary","","","","","",NA,NA,NA,NA,NA,"No",26,"M26A",58,"Shotgun",NA,"Yes",NA,NA,NA,NA,NA,NA,NA,NA,NA,"07","16","2011","07/2011","07/16/2011"
"Notes","7/16/11",22,"No","0",0,0,NA,"day",0,"peccary","","","","","",NA,NA,NA,NA,NA,"No",26,"M26C",17,"Machete",NA,"Yes",NA,NA,NA,NA,NA,NA,NA,NA,NA,"07","16","2011","07/2011","07/16/2011"
"Notes","7/16/11",23,"No","0",0,0,NA,"day",0,"deer","","","","","",NA,NA,NA,NA,NA,"No",26,"M26C",17,"Machete",NA,"Yes",NA,NA,NA,NA,NA,NA,NA,NA,NA,"07","16","2011","07/2011","07/16/2011"
"Notes","7/16/11",23,"No","0",0,0,NA,"day",0,"deer","","","","","",NA,NA,NA,NA,NA,"No",27,"M27A",25,"Machete",NA,"Yes",NA,NA,NA,NA,NA,NA,NA,NA,NA,"07","16","2011","07/2011","07/16/2011"
"Notes","7/16/11",23,"No","0",0,0,NA,"day",0,"deer","","","","","",NA,NA,NA,NA,NA,"No",28,"M28A",22,"Shotgun",NA,"Yes",NA,NA,NA,NA,NA,NA,NA,NA,NA,"07","16","2011","07/2011","07/16/2011"
"Notes","7/16/11",24,"No","0",0,0,NA,"day",0,"squash","","","","","",NA,NA,NA,NA,NA,"No",26,"M26A",58,"Shotgun",NA,"Yes",NA,NA,NA,NA,NA,NA,NA,NA,NA,"07","16","2011","07/2011","07/16/2011"
"Notes","7/18/11",25,"Yes","0",0,0,NA,"day",0,"armadillo","","","","","",NA,NA,NA,NA,NA,"No",0,"M0A",34,"Machete",3.77,"Yes",NA,NA,NA,NA,NA,NA,NA,NA,NA,"07","18","2011","07/2011","07/18/2011"
"Notes","7/18/11",25,"Yes","0",0,0,NA,"day",0,"armadillo","","","","","",NA,NA,NA,NA,NA,"No",39,"M39A",24,"Machete",3.77,"Yes",NA,NA,NA,NA,NA,NA,NA,NA,NA,"07","18","2011","07/2011","07/18/2011"
"Notes","7/18/11",25,"Yes","0",0,0,NA,"day",0,"armadillo","","","","","",NA,NA,NA,NA,NA,"No",62,"M62A",27,"Machete",3.77,"Yes",NA,NA,NA,NA,NA,NA,NA,NA,NA,"07","18","2011","07/2011","07/18/2011"
"Notes","12/26/11",26,"No","paca (x3)",25.5,25.5,NA,"night",3,"gibnut (x3)","halee","halee","halee","","",8.5,8.5,8.5,NA,NA,"Yes",26,"M26C",17,"Machete",NA,"No",NA,NA,NA,NA,NA,NA,NA,NA,NA,"12","26","2011","12/2011","12/26/2011"
"Notes","12/26/11",26,"No","paca (x3)",25.5,25.5,NA,"night",3,"gibnut (x3)","halee","halee","halee","","",8.5,8.5,8.5,NA,NA,"Yes",45,"M45A",28,"Shotgun",NA,"No",NA,NA,NA,NA,NA,NA,NA,NA,NA,"12","26","2011","12/2011","12/26/2011"
"Notes","1/5/12",27,"No","90.7",90.70294785,90.70294785,NA,"day",2,"deer (x2)","keeh","keeh","","","",45.35147393,45.35147393,NA,NA,NA,"No",65,"M65A",50,"Shotgun",NA,"Yes",NA,NA,NA,NA,NA,NA,NA,NA,NA,"01","05","2012","01/2012","01/05/2012"
"Notes","1/5/12",27,"No","90.7",90.70294785,90.70294785,NA,"day",2,"deer (x2)","keeh","keeh","","","",45.35147393,45.35147393,NA,NA,NA,"No",66,"M66A",33,"Shotgun",NA,"Yes",NA,NA,NA,NA,NA,NA,NA,NA,NA,"01","05","2012","01/2012","01/05/2012"
"Notes","1/6/12",28,"No","0",0,0,NA,"day",0,"deer","","","","","",NA,NA,NA,NA,NA,"No",65,"M65C",25,"Machete",NA,"No",NA,NA,NA,NA,NA,NA,NA,NA,NA,"01","06","2012","01/2012","01/06/2012"
"Notes","1/6/12",28,"No","0",0,0,NA,"day",0,"deer","","","","","",NA,NA,NA,NA,NA,"No",66,"M66A",33,"Shotgun",NA,"No",NA,NA,NA,NA,NA,NA,NA,NA,NA,"01","06","2012","01/2012","01/06/2012"
"Notes","1/16/12",29,"No","white collared peccary (x2)",38,38,NA,"day",2,"peccary (x2)","kitam","kitam","","","",19,19,NA,NA,NA,"Yes",26,"M26A",59,"Shotgun",NA,"Yes",NA,NA,NA,NA,NA,NA,NA,NA,NA,"01","16","2012","01/2012","01/16/2012"
"Notes","1/16/12",29,"No","white collared peccary (x2)",38,38,NA,"day",2,"peccary (x2)","kitam","kitam","","","",19,19,NA,NA,NA,"Yes",5,"M5A",50,"Machete",NA,"Yes",NA,NA,NA,NA,NA,NA,NA,NA,NA,"01","16","2012","01/2012","01/16/2012"
"Notes","1/16/12",30,"No","0",0,0,NA,"day",0,NA,"","","","","",NA,NA,NA,NA,NA,"No",65,"M65A",50,"Shotgun",NA,"Yes",NA,NA,NA,NA,NA,NA,NA,NA,NA,"01","16","2012","01/2012","01/16/2012"
"Notes","1/16/12",30,"No","0",0,0,NA,"day",0,NA,"","","","","",NA,NA,NA,NA,NA,"No",66,"M66A",33,"Shotgun",NA,"Yes",NA,NA,NA,NA,NA,NA,NA,NA,NA,"01","16","2012","01/2012","01/16/2012"
"Notes","1/19/12",31,"No","white collared peccary (x1)",19,19,NA,"day",1,"peccary","kitam","","","","",NA,NA,NA,NA,NA,"Yes",26,"M26A",59,"Shotgun",NA,"Yes",NA,NA,NA,NA,NA,NA,NA,NA,NA,"01","19","2012","01/2012","01/19/2012"
"Notes","1/19/12",31,"No","white collared peccary (x1)",19,19,NA,"day",1,"peccary","kitam","","","","",NA,NA,NA,NA,NA,"Yes",5,"M5A",49,"Machete",NA,"Yes",NA,NA,NA,NA,NA,NA,NA,NA,NA,"01","19","2012","01/2012","01/19/2012"
"Notes","1/20/12",32,"No","paca (x1) 8.5, agouti (x1) 3.5",12,12,NA,"day",2,"gibnut, agouti","halee","kiib","","","",8.5,3.5,NA,NA,NA,"Yes",65,"M65A",50,"Shotgun",5,"Yes",NA,NA,NA,NA,NA,NA,NA,NA,NA,"01","20","2012","01/2012","01/20/2012"
"Notes","1/20/12",32,"No","paca (x1) 8.5, agouti (x1) 3.5",12,12,NA,"day",2,"gibnut, agouti","halee","kiib","","","",8.5,3.5,NA,NA,NA,"Yes",66,"M66A",34,"Shotgun",5,"Yes",NA,NA,NA,NA,NA,NA,NA,NA,NA,"01","20","2012","01/2012","01/20/2012"
"Notes","1/20/12",33,"No","deer (x1)",34,34,NA,"night",1,"deer","keeh","","","","",NA,NA,NA,NA,NA,"Yes",2,"M2A",28,"Shotgun",NA,"No",NA,NA,NA,NA,NA,NA,NA,NA,NA,"01","20","2012","01/2012","01/20/2012"
"GPS/HR","1/21/12",34,"Yes","22.7",22.67573696,22.67573696,NA,"day",1,"peccary (gun available but killed with machete)","kitam","","","","",NA,NA,NA,NA,NA,"No",0,"M0A",34,"Machete",6.18,"Yes",NA,NA,NA,NA,NA,NA,NA,NA,NA,"01","21","2012","01/2012","01/21/2012"
"GPS/HR","1/21/12",34,"Yes","22.7",22.67573696,22.67573696,NA,"day",1,"peccary (gun available but killed with machete)","kitam","","","","",NA,NA,NA,NA,NA,"No",26,"M26A",58,"Machete",6.18,"Yes",NA,NA,NA,NA,NA,NA,NA,NA,NA,"01","21","2012","01/2012","01/21/2012"
"GPS/HR","1/21/12",34,"Yes","22.7",22.67573696,22.67573696,NA,"day",1,"peccary (gun available but killed with machete)","kitam","","","","",NA,NA,NA,NA,NA,"No",45,"M45A",28,"Machete",6.18,"Yes",NA,NA,NA,NA,NA,NA,NA,NA,NA,"01","21","2012","01/2012","01/21/2012"
"GPS/HR","1/23/12",35,"Yes","5",4.988662132,4.988662132,NA,"day",1,"armadillo","wech","","","","",NA,NA,NA,NA,NA,"No",0,"M0A",34,"Machete",1.91,"Yes",NA,NA,NA,NA,NA,NA,NA,NA,NA,"01","23","2012","01/2012","01/23/2012"
"GPS/HR","1/23/12",35,"Yes","5",4.988662132,4.988662132,NA,"day",1,"armadillo","wech","","","","",NA,NA,NA,NA,NA,"No",32,"M32A",45,"Machete",1.91,"Yes","M32D",15,"Machete","M32E",11,"Machete","M32F",10,"Machete","01","23","2012","01/2012","01/23/2012"
"Notes","1/24/12",36,"No","armadillo (x1)",5,5,NA,"day",1,"armadillo","wech","","","","",NA,NA,NA,NA,NA,"Yes",32,"M32A",45,"Machete",NA,"Yes","M32D",15,"Machete","M32E",11,"Machete",NA,NA,NA,"01","24","2012","01/2012","01/24/2012"
"Notes","1/24/12",37,"No","paca (x1)",8.5,8.5,NA,"day",1,"gibnut (big)","halee","","","","",NA,NA,NA,NA,NA,"Yes",61,"M61A",22,"Machete",NA,"Yes",NA,NA,NA,NA,NA,NA,NA,NA,NA,"01","24","2012","01/2012","01/24/2012"
"GPS/HR","1/24/12",38,"Yes","0",0,0,NA,"day",0,"peccary, gibnut","","","","","",NA,NA,NA,NA,NA,"No",0,"M0A",34,"Machete",5.5,"Yes",NA,NA,NA,NA,NA,NA,NA,NA,NA,"01","24","2012","01/2012","01/24/2012"
"GPS/HR","1/24/12",38,"Yes","0",0,0,NA,"day",0,"peccary, gibnut","","","","","",NA,NA,NA,NA,NA,"No",57,"M57A",27,"Machete",5.5,"Yes",NA,NA,NA,NA,NA,NA,NA,NA,NA,"01","24","2012","01/2012","01/24/2012"
"GPS/HR","1/24/12",38,"Yes","0",0,0,NA,"day",0,"peccary, gibnut","","","","","",NA,NA,NA,NA,NA,"No",58,"M58A",54,"Machete",5.5,"Yes",NA,NA,NA,NA,NA,NA,NA,NA,NA,"01","24","2012","01/2012","01/24/2012"
"GPS/HR","1/24/12",38,"Yes","0",0,0,NA,"day",0,"peccary, gibnut","","","","","",NA,NA,NA,NA,NA,"No",58,"M58C",18,"Machete",5.5,"Yes",NA,NA,NA,NA,NA,NA,NA,NA,NA,"01","24","2012","01/2012","01/24/2012"
"Notes","1/26/12",39,"No","white collared peccary (x2)",38,38,NA,"day",2,"peccary (x2 hunted, x1 escaped) same place as 21Jan12","kitam","kitam","","","",19,19,NA,NA,NA,"Yes",26,"M26A",59,"Shotgun",NA,"Yes",NA,NA,NA,NA,NA,NA,NA,NA,NA,"01","26","2012","01/2012","01/26/2012"
"Notes","1/26/12",39,"No","white collared peccary (x2)",38,38,NA,"day",2,"peccary (x2 hunted, x1 escaped) same place as 21Jan12","kitam","kitam","","","",19,19,NA,NA,NA,"Yes",26,"M26C",18,"Machete",NA,"Yes",NA,NA,NA,NA,NA,NA,NA,NA,NA,"01","26","2012","01/2012","01/26/2012"
"Notes","1/26/12",39,"No","white collared peccary (x2)",38,38,NA,"day",2,"peccary (x2 hunted, x1 escaped) same place as 21Jan12","kitam","kitam","","","",19,19,NA,NA,NA,"Yes",45,"M45A",29,"Machete",NA,"Yes",NA,NA,NA,NA,NA,NA,NA,NA,NA,"01","26","2012","01/2012","01/26/2012"
"Notes","1/26/12",40,"No","22.7",22.67573696,22.67573696,NA,"day",2,"gibnut (x2) peccary encounters","halee","halee","","","",13.6,9.1,NA,NA,NA,"No",66,"M66A",33,"Shotgun",5,"Yes","M65D",16,"Machete","M65E",14,"Machete",NA,NA,NA,"01","26","2012","01/2012","01/26/2012"
"Notes","1/27/12",42,"No","19",19,19,NA,"day",1,"peccary (M28A chopped a dogs nose)","kitam","","","","",NA,NA,NA,NA,NA,"No",26,"M26A",59,"Machete",NA,"Yes",NA,NA,NA,NA,NA,NA,NA,NA,NA,"01","27","2012","01/2012","01/27/2012"
"Notes","1/27/12",42,"No","19",19,19,NA,"day",1,"peccary (M28A chopped a dogs nose)","kitam","","","","",NA,NA,NA,NA,NA,"No",28,"M28A",23,"Machete",NA,"Yes",NA,NA,NA,NA,NA,NA,NA,NA,NA,"01","27","2012","01/2012","01/27/2012"
"Notes","1/27/12",42,"No","19",19,19,NA,"day",1,"peccary (M28A chopped a dogs nose)","kitam","","","","",NA,NA,NA,NA,NA,"No",5,"M5A",50,"Shotgun",NA,"Yes",NA,NA,NA,NA,NA,NA,NA,NA,NA,"01","27","2012","01/2012","01/27/2012"
"Notes","1/29/12",43,"No","0",0,0,NA,"day",0,"peccary (dog wounded with M72A machete)","","","","","",NA,NA,NA,NA,NA,"No",45,"M45A",29,"Machete",NA,"Yes",NA,NA,NA,NA,NA,NA,NA,NA,NA,"01","29","2012","01/2012","01/29/2012"
"Notes","1/29/12",43,"No","0",0,0,NA,"day",0,"peccary (dog wounded with M72A machete)","","","","","",NA,NA,NA,NA,NA,"No",72,"M72A",35,"Machete",NA,"Yes",NA,NA,NA,NA,NA,NA,NA,NA,NA,"01","29","2012","01/2012","01/29/2012"
"Notes","1/29/12",44,"No","paca (x1)",8.5,8.5,NA,"day",1,"gibnut","halee","","","","",NA,NA,NA,NA,NA,"Yes",61,"M61A",22,"Machete",NA,"Yes",NA,NA,NA,NA,NA,NA,NA,NA,NA,"01","29","2012","01/2012","01/29/2012"
"Notes","1/29/12",45,"No","0",0,0,NA,"night",0,"deer (shot and could not find it)","","","","","",NA,NA,NA,NA,NA,"No",45,"M45A",28,"Shotgun",NA,"No",NA,NA,NA,NA,NA,NA,NA,NA,NA,"01","29","2012","01/2012","01/29/2012"
"Notes","1/29/12",45,"No","0",0,0,NA,"night",0,"deer (shot and could not find it)","","","","","",NA,NA,NA,NA,NA,"No",72,"M72A",35,"Machete",NA,"No",NA,NA,NA,NA,NA,NA,NA,NA,NA,"01","29","2012","01/2012","01/29/2012"
"Notes","1/30/12",46,"No","white collared peccary (x1)",19,19,NA,"day",1,"peccary (last night shot a deer and could not find it)","kitam","","","","",NA,NA,NA,NA,NA,"Yes",45,"M45A",28,"Machete",NA,"Yes",NA,NA,NA,NA,NA,NA,NA,NA,NA,"01","30","2012","01/2012","01/30/2012"
"Notes","1/30/12",46,"No","white collared peccary (x1)",19,19,NA,"day",1,"peccary (last night shot a deer and could not find it)","kitam","","","","",NA,NA,NA,NA,NA,"Yes",72,"M72A",35,"Machete",NA,"Yes",NA,NA,NA,NA,NA,NA,NA,NA,NA,"01","30","2012","01/2012","01/30/2012"
"Notes","1/31/12",47,"No","0",0,0,NA,"day",0,"peccary (escaped because of the rain)","","","","","",NA,NA,NA,NA,NA,"No",38,"M38A",40,"Shotgun",NA,"Yes",NA,NA,NA,NA,NA,NA,NA,NA,NA,"01","31","2012","01/2012","01/31/2012"
"Notes","1/31/12",47,"No","0",0,0,NA,"day",0,"peccary (escaped because of the rain)","","","","","",NA,NA,NA,NA,NA,"No",57,"M57A",27,"Machete",NA,"Yes",NA,NA,NA,NA,NA,NA,NA,NA,NA,"01","31","2012","01/2012","01/31/2012"
"Notes","2/3/12",48,"No","0",0,0,NA,"day",0,"peccary","","","","","",NA,NA,NA,NA,NA,"No",61,"M61A",22,"Machete",NA,"Yes",NA,NA,NA,NA,NA,NA,NA,NA,NA,"02","03","2012","02/2012","02/03/2012"
"Notes","2/4/12",49,"No","0",0,0,NA,"day",0,"deer","","","","","",NA,NA,NA,NA,NA,"No",48,"M48A",50,"Machete",NA,"No","M48D",13,"Shotgun",NA,NA,NA,NA,NA,NA,"02","04","2012","02/2012","02/04/2012"
"Notes","2/5/12",50,"No","white collared peccary (x1)",19,19,NA,"day",1,"peccary","kitam","","","","",NA,NA,NA,NA,NA,"Yes",5,"M5A",50,NA,NA,"Yes",NA,NA,NA,NA,NA,NA,NA,NA,NA,"02","05","2012","02/2012","02/05/2012"
"Notes","2/6/12",51,"No","0",0,0,NA,"day",0,"peccary","","","","","",NA,NA,NA,NA,NA,"No",49,"M49C",20,"Machete",NA,"Yes",NA,NA,NA,NA,NA,NA,NA,NA,NA,"02","06","2012","02/2012","02/06/2012"
"Notes","2/7/12",52,"No","armadillo (x1)",5,5,NA,"day",1,"armadillo","wech","","","","",NA,NA,NA,NA,NA,"Yes",32,"M32A",45,"Machete",NA,"Yes","M32D",15,"Machete","M32E",11,"Machete",NA,NA,NA,"02","07","2012","02/2012","02/07/2012"
"Notes","2/7/12",53,"No","white collared peccary (x1)",19,19,NA,"day",1,"peccary (same place we hunted two)","kitam","","","","",NA,NA,NA,NA,NA,"Yes",26,"M26A",59,"Machete",NA,"Yes",NA,NA,NA,NA,NA,NA,NA,NA,NA,"02","07","2012","02/2012","02/07/2012"
"Notes","2/7/12",53,"No","white collared peccary (x1)",19,19,NA,"day",1,"peccary (same place we hunted two)","kitam","","","","",NA,NA,NA,NA,NA,"Yes",45,"M45A",29,"Shotgun",NA,"Yes",NA,NA,NA,NA,NA,NA,NA,NA,NA,"02","07","2012","02/2012","02/07/2012"
"Notes","2/9/12",54,"No","0",0,0,NA,"night",0,"deer, peccary (gun failed)","","","","","",NA,NA,NA,NA,NA,"No",55,"M55A",40,"Machete",2,"No",NA,NA,NA,NA,NA,NA,NA,NA,NA,"02","09","2012","02/2012","02/09/2012"
"Notes","2/9/12",54,"No","0",0,0,NA,"night",0,"deer, peccary (gun failed)","","","","","",NA,NA,NA,NA,NA,"No",57,"M57A",27,"Shotgun",2,"No",NA,NA,NA,NA,NA,NA,NA,NA,NA,"02","09","2012","02/2012","02/09/2012"
"Notes","2/9/12",55,"No","armadillo (x1)",5,5,NA,"day",1,"armadillo","wech","","","","",NA,NA,NA,NA,NA,"Yes",49,"M49C",20,"Machete",NA,"Yes",NA,NA,NA,NA,NA,NA,NA,NA,NA,"02","09","2012","02/2012","02/09/2012"
"Notes","2/10/12",57,"No","18.1",18.14058957,18.14058957,NA,"day",1,"peccary","kitam","","","","",NA,NA,NA,NA,NA,"No",4,"M4A",26,"Machete",NA,"Yes",NA,NA,NA,NA,NA,NA,NA,NA,NA,"02","10","2012","02/2012","02/10/2012"
"Notes","2/10/12",57,"No","18.1",18.14058957,18.14058957,NA,"day",1,"peccary","kitam","","","","",NA,NA,NA,NA,NA,"No",5,"M5A",50,"Shotgun",NA,"Yes",NA,NA,NA,NA,NA,NA,NA,NA,NA,"02","10","2012","02/2012","02/10/2012"
"Notes","2/10/12",57,"No","18.1",18.14058957,18.14058957,NA,"day",1,"peccary","kitam","","","","",NA,NA,NA,NA,NA,"No",5,"M5C",20,"Machete",NA,"Yes",NA,NA,NA,NA,NA,NA,NA,NA,NA,"02","10","2012","02/2012","02/10/2012"
"Notes","2/10/12",57,"No","18.1",18.14058957,18.14058957,NA,"day",1,"peccary","kitam","","","","",NA,NA,NA,NA,NA,"No",6,"M6A",30,"Machete",NA,"Yes",NA,NA,NA,NA,NA,NA,NA,NA,NA,"02","10","2012","02/2012","02/10/2012"
"Notes","2/10/12",57,"No","18.1",18.14058957,18.14058957,NA,"day",1,"peccary","kitam","","","","",NA,NA,NA,NA,NA,"No",9,"M9A",29,"Shotgun",NA,"Yes",NA,NA,NA,NA,NA,NA,NA,NA,NA,"02","10","2012","02/2012","02/10/2012"
"Notes","2/10/12",58,"No","0",0,0,NA,"day",0,"peccary","","","","","",NA,NA,NA,NA,NA,"No",61,"M61A",22,"Machete",0.5,"Yes",NA,NA,NA,NA,NA,NA,NA,NA,NA,"02","10","2012","02/2012","02/10/2012"
"Notes","2/10/12",58,"No","0",0,0,NA,"day",0,"peccary","","","","","",NA,NA,NA,NA,NA,"No",62,"M62A",27,"Machete",0.5,"Yes",NA,NA,NA,NA,NA,NA,NA,NA,NA,"02","10","2012","02/2012","02/10/2012"
"Notes","2/10/12",59,"No","paca (x1)",8.5,8.5,NA,"night",1,"gibnut","halee","","","","",NA,NA,NA,NA,NA,"Yes",65,"M65A",50,"Shotgun",NA,"No",NA,NA,NA,NA,NA,NA,NA,NA,NA,"02","10","2012","02/2012","02/10/2012"
"Notes","2/11/12",60,"No","0",0,0,NA,"day",0,"peccary","","","","","",NA,NA,NA,NA,NA,"No",26,"M26A",59,"Shotgun",NA,"Yes",NA,NA,NA,NA,NA,NA,NA,NA,NA,"02","11","2012","02/2012","02/11/2012"
"Notes","2/11/12",60,"No","0",0,0,NA,"day",0,"peccary","","","","","",NA,NA,NA,NA,NA,"No",28,"M28A",23,"Machete",NA,"Yes",NA,NA,NA,NA,NA,NA,NA,NA,NA,"02","11","2012","02/2012","02/11/2012"
"Notes","2/11/12",60,"No","0",0,0,NA,"day",0,"peccary","","","","","",NA,NA,NA,NA,NA,"No",9,"M9A",29,"Shotgun",NA,"Yes",NA,NA,NA,NA,NA,NA,NA,NA,NA,"02","11","2012","02/2012","02/11/2012"
"GPS/HR","2/11/12",61,"Yes","0",0,0,NA,"day",0,"armadillo","","","","","",NA,NA,NA,NA,NA,"No",0,"M0A",34,"Machete",5.9,"Yes",NA,NA,NA,NA,NA,NA,NA,NA,NA,"02","11","2012","02/2012","02/11/2012"
"GPS/HR","2/11/12",61,"Yes","0",0,0,NA,"day",0,"armadillo","","","","","",NA,NA,NA,NA,NA,"No",32,"M32A",45,"Machete",5.9,"Yes","M32D",15,"Machete","M32E",11,"Machete","M32F",10,"Machete","02","11","2012","02/2012","02/11/2012"
"HA","2/12/12",62,"No","54.4",54.42176871,54.42176871,NA,"night",1,"deer","keeh","","","","",NA,NA,NA,NA,NA,"No",4,"M4A",26,"Shotgun",2,"No",NA,NA,NA,NA,NA,NA,NA,NA,NA,"02","12","2012","02/2012","02/12/2012"
"HA","2/12/12",62,"No","54.4",54.42176871,54.42176871,NA,"night",1,"deer","keeh","","","","",NA,NA,NA,NA,NA,"No",61,"M61A",18,"Machete",2,"No",NA,NA,NA,NA,NA,NA,NA,NA,NA,"02","12","2012","02/2012","02/12/2012"
"GPS/HR","2/14/12",63,"Yes","0",0,0,NA,"day",0,"armadillo, peccary","","","","","",NA,NA,NA,NA,NA,"No",0,"M0A",35,"Machete",3.17,"Yes",NA,NA,NA,NA,NA,NA,NA,NA,NA,"02","14","2012","02/2012","02/14/2012"
"GPS/HR","2/14/12",63,"Yes","0",0,0,NA,"day",0,"armadillo, peccary","","","","","",NA,NA,NA,NA,NA,"No",49,"M49C",20,"Machete",3.17,"Yes",NA,NA,NA,NA,NA,NA,NA,NA,NA,"02","14","2012","02/2012","02/14/2012"
"GPS/HR","2/14/12",64,"Yes","0",0,0,NA,"night",0,"gibnut","","","","","",NA,NA,NA,NA,NA,"No",0,"M0A",35,"Machete",4.55,"No",NA,NA,NA,NA,NA,NA,NA,NA,NA,"02","14","2012","02/2012","02/14/2012"
"GPS/HR","2/14/12",64,"Yes","0",0,0,NA,"night",0,"gibnut","","","","","",NA,NA,NA,NA,NA,"No",66,"M66A",33,"Shotgun",4.55,"No",NA,NA,NA,NA,NA,NA,NA,NA,NA,"02","14","2012","02/2012","02/14/2012"
"Notes","2/15/12",65,"No","white collared peccary (x1)",19,19,NA,"day",1,"peccary","kitam","","","","",NA,NA,NA,NA,NA,"Yes",26,"M26A",59,"Machete",1.5,"Yes",NA,NA,NA,NA,NA,NA,NA,NA,NA,"02","15","2012","02/2012","02/15/2012"
"Notes","2/15/12",65,"No","white collared peccary (x1)",19,19,NA,"day",1,"peccary","kitam","","","","",NA,NA,NA,NA,NA,"Yes",28,"M28A",23,"Machete",1.5,"Yes",NA,NA,NA,NA,NA,NA,NA,NA,NA,"02","15","2012","02/2012","02/15/2012"
"Notes","2/15/12",65,"No","white collared peccary (x1)",19,19,NA,"day",1,"peccary","kitam","","","","",NA,NA,NA,NA,NA,"Yes",45,"M45A",29,"Shotgun",1.5,"Yes",NA,NA,NA,NA,NA,NA,NA,NA,NA,"02","15","2012","02/2012","02/15/2012"
"Notes","2/15/12",65,"No","white collared peccary (x1)",19,19,NA,"day",1,"peccary","kitam","","","","",NA,NA,NA,NA,NA,"Yes",72,"M72A",35,"Machete",1.5,"Yes",NA,NA,NA,NA,NA,NA,NA,NA,NA,"02","15","2012","02/2012","02/15/2012"
"GPS/HR","2/20/12",66,"Yes","0",0,0,NA,"day",0,"armadillo, gibnut, agouti, peccary, deer","","","","","",NA,NA,NA,NA,NA,"No",0,"M0A",35,"Machete",5.78,"Yes",NA,NA,NA,NA,NA,NA,NA,NA,NA,"02","20","2012","02/2012","02/20/2012"
"GPS/HR","2/20/12",66,"Yes","0",0,0,NA,"day",0,"armadillo, gibnut, agouti, peccary, deer","","","","","",NA,NA,NA,NA,NA,"No",49,"M49C",20,"Machete",5.78,"Yes",NA,NA,NA,NA,NA,NA,NA,NA,NA,"02","20","2012","02/2012","02/20/2012"
"GPS/HR","2/23/12",67,"Yes","0",0,0,NA,"night",0,"peccary","","","","","",NA,NA,NA,NA,NA,"No",0,"M0A",35,"Machete",3.67,"No",NA,NA,NA,NA,NA,NA,NA,NA,NA,"02","23","2012","02/2012","02/23/2012"
"GPS/HR","2/23/12",67,"Yes","0",0,0,NA,"night",0,"peccary","","","","","",NA,NA,NA,NA,NA,"No",45,"M45A",28,"Shotgun",3.67,"No",NA,NA,NA,NA,NA,NA,NA,NA,NA,"02","23","2012","02/2012","02/23/2012"
"GPS/HR","2/23/12",67,"Yes","0",0,0,NA,"night",0,"peccary","","","","","",NA,NA,NA,NA,NA,"No",72,"M72A",35,"Machete",3.67,"No",NA,NA,NA,NA,NA,NA,NA,NA,NA,"02","23","2012","02/2012","02/23/2012"
"HA","2/28/12",68,"No","29.5",29.47845805,29.47845805,NA,"day",1,"peccary","kitam","","","","",NA,NA,NA,NA,NA,"No",9,"M9A",29,"Shotgun",NA,"Yes",NA,NA,NA,NA,NA,NA,NA,NA,NA,"02","28","2012","02/2012","02/28/2012"
"HA","2/28/12",68,"No","29.5",29.47845805,29.47845805,NA,"day",1,"peccary","kitam","","","","",NA,NA,NA,NA,NA,"No",6,"M6A",30,"Machete",NA,"Yes",NA,NA,NA,NA,NA,NA,NA,NA,NA,"02","28","2012","02/2012","02/28/2012"
"HA","2/28/12",68,"No","29.5",29.47845805,29.47845805,NA,"day",1,"peccary","kitam","","","","",NA,NA,NA,NA,NA,"No",5,"M5A",50,"Machete",NA,"Yes",NA,NA,NA,NA,NA,NA,NA,NA,NA,"02","28","2012","02/2012","02/28/2012"
"HA","3/12/12",69,"No","0",0,0,NA,"night",0,"deer [NA]","","","","","",NA,NA,NA,NA,NA,"No",4,"M4A",26,"Shotgun",NA,"No",NA,NA,NA,NA,NA,NA,NA,NA,NA,"03","12","2012","03/2012","03/12/2012"
"HA","3/12/12",69,"No","0",0,0,NA,"night",0,"deer [NA]","","","","","",NA,NA,NA,NA,NA,"No",61,"M61A",18,"Machete",NA,"No",NA,NA,NA,NA,NA,NA,NA,NA,NA,"03","12","2012","03/2012","03/12/2012"
"HA","3/12/12",69,"No","0",0,0,NA,"night",0,"deer [NA]","","","","","",NA,NA,NA,NA,NA,"No",62,"M62A",28,"Machete",NA,"No",NA,NA,NA,NA,NA,NA,NA,NA,NA,"03","12","2012","03/2012","03/12/2012"
"GPS/HR","3/14/12",70,"Yes","0",0,0,NA,"day",0,"peccary","","","","","",NA,NA,NA,NA,NA,"No",0,"M0A",35,"Machete",7.83,"Yes",NA,NA,NA,NA,NA,NA,NA,NA,NA,"03","14","2012","03/2012","03/14/2012"
"GPS/HR","3/14/12",70,"Yes","0",0,0,NA,"day",0,"peccary","","","","","",NA,NA,NA,NA,NA,"No",45,"M45A",28,"Shotgun",7.83,"Yes",NA,NA,NA,NA,NA,NA,NA,NA,NA,"03","14","2012","03/2012","03/14/2012"
"HA","4/9/12",71,"No","20.4",20.40816327,20.40816327,NA,"day",1,"gibnut","halee","","","","",NA,NA,NA,NA,NA,"No",32,"M32A",45,"Machete",6.5,"Yes","M32D",15,"Machete","M32E",11,"Machete","M32F",10,"Machete","04","09","2012","04/2012","04/09/2012"
"GPS/HR","4/10/12",72,"Yes","0",0,0,NA,"day",0,"peccary","","","","","",NA,NA,NA,NA,NA,"No",0,"M0A",35,"Machete",6.27,"Yes",NA,NA,NA,NA,NA,NA,NA,NA,NA,"04","10","2012","04/2012","04/10/2012"
"GPS/HR","4/10/12",72,"Yes","0",0,0,NA,"day",0,"peccary","","","","","",NA,NA,NA,NA,NA,"No",26,"M26A",58,"Machete",6.27,"Yes",NA,NA,NA,NA,NA,NA,NA,NA,NA,"04","10","2012","04/2012","04/10/2012"
"GPS/HR","4/10/12",72,"Yes","0",0,0,NA,"day",0,"peccary","","","","","",NA,NA,NA,NA,NA,"No",26,"M26C",18,"Machete",6.27,"Yes",NA,NA,NA,NA,NA,NA,NA,NA,NA,"04","10","2012","04/2012","04/10/2012"
"GPS/HR","4/10/12",72,"Yes","0",0,0,NA,"day",0,"peccary","","","","","",NA,NA,NA,NA,NA,"No",28,"M28A",23,"Shotgun",6.27,"Yes",NA,NA,NA,NA,NA,NA,NA,NA,NA,"04","10","2012","04/2012","04/10/2012"
"GPS/HR","4/11/12",73,"Yes","0",0,0,NA,"night",0,"deer","","","","","",NA,NA,NA,NA,NA,"No",0,"M0A",35,"Machete",3.9,"No",NA,NA,NA,NA,NA,NA,NA,NA,NA,"04","11","2012","04/2012","04/11/2012"
"GPS/HR","4/11/12",73,"Yes","0",0,0,NA,"night",0,"deer","","","","","",NA,NA,NA,NA,NA,"No",45,"M45A",28,"Shotgun",3.9,"No",NA,NA,NA,NA,NA,NA,NA,NA,NA,"04","11","2012","04/2012","04/11/2012"
"GPS/HR","4/11/12",73,"Yes","0",0,0,NA,"night",0,"deer","","","","","",NA,NA,NA,NA,NA,"No",72,"M72A",35,"Machete",3.9,"No",NA,NA,NA,NA,NA,NA,NA,NA,NA,"04","11","2012","04/2012","04/11/2012"
"HA","4/16/12",75,"No","0",0,0,NA,"day",0,"deer","","","","","",NA,NA,NA,NA,NA,"No",73,"M73C",18,"Machete",3.5,"Yes",NA,NA,NA,NA,NA,NA,NA,NA,NA,"04","16","2012","04/2012","04/16/2012"
"HA","4/17/12",76,"No","36.3",36.28117914,36.28117914,NA,"day",1,"peccary","kitam","","","","",NA,NA,NA,NA,NA,"No",5,"M5A",50,"Machete",5,"Yes",NA,NA,NA,NA,NA,NA,NA,NA,NA,"04","17","2012","04/2012","04/17/2012"
"HA","4/17/12",76,"No","36.3",36.28117914,36.28117914,NA,"day",1,"peccary","kitam","","","","",NA,NA,NA,NA,NA,"No",5,"M5C",20,"Machete",5,"Yes",NA,NA,NA,NA,NA,NA,NA,NA,NA,"04","17","2012","04/2012","04/17/2012"
"HA","4/17/12",76,"No","36.3",36.28117914,36.28117914,NA,"day",1,"peccary","kitam","","","","",NA,NA,NA,NA,NA,"No",5,"M5D",16,"Machete",5,"Yes",NA,NA,NA,NA,NA,NA,NA,NA,NA,"04","17","2012","04/2012","04/17/2012"
"HA","4/17/12",76,"No","36.3",36.28117914,36.28117914,NA,"day",1,"peccary","kitam","","","","",NA,NA,NA,NA,NA,"No",6,"M6A",30,"Shotgun",5,"Yes",NA,NA,NA,NA,NA,NA,NA,NA,NA,"04","17","2012","04/2012","04/17/2012"
"HA","4/19/12",77,"No","6.8",6.802721088,6.802721088,NA,"day",1,"gibnut","halee","","","","",NA,NA,NA,NA,NA,"No",45,"M45A",29,"Machete",2,"Yes",NA,NA,NA,NA,NA,NA,NA,NA,NA,"04","19","2012","04/2012","04/19/2012"
"HA","4/22/12",78,"No","0",0,0,NA,"day",0,"peccary","","","","","",NA,NA,NA,NA,NA,"No",26,"M26A",59,"Machete",5.5,"Yes",NA,NA,NA,NA,NA,NA,NA,NA,NA,"04","22","2012","04/2012","04/22/2012"
"HA","4/22/12",78,"No","0",0,0,NA,"day",0,"peccary","","","","","",NA,NA,NA,NA,NA,"No",45,"M45A",29,"Shotgun",5.5,"Yes",NA,NA,NA,NA,NA,NA,NA,NA,NA,"04","22","2012","04/2012","04/22/2012"
"HA","4/24/12",79,"No","0",0,0,NA,"day",0,"peccary","","","","","",NA,NA,NA,NA,NA,"No",45,"M45A",29,"Machete",7.5,"Yes",NA,NA,NA,NA,NA,NA,NA,NA,NA,"04","24","2012","04/2012","04/24/2012"
"HA","4/25/12",80,"No","13.6",13.60544218,13.60544218,NA,"night",1,"peccary","kitam","","","","",NA,NA,NA,NA,NA,"No",28,"M28A",23,"Shotgun",3,"No",NA,NA,NA,NA,NA,NA,NA,NA,NA,"04","25","2012","04/2012","04/25/2012"
"HA","4/25/12",81,"No","1.8",1.814058957,1.814058957,NA,"day",1,"agouti","kiib","","","","",NA,NA,NA,NA,NA,"No",45,"F45B",25,"Machete",3,"Yes",NA,NA,NA,NA,NA,NA,NA,NA,NA,"04","25","2012","04/2012","04/25/2012"
"HA","4/25/12",81,"No","1.8",1.814058957,1.814058957,NA,"day",1,"agouti","kiib","","","","",NA,NA,NA,NA,NA,"No",45,"M45A",29,"Machete",3,"Yes",NA,NA,NA,NA,NA,NA,NA,NA,NA,"04","25","2012","04/2012","04/25/2012"
"HA","4/27/12",82,"No","0",0,0,NA,"day",0,"peccary","","","","","",NA,NA,NA,NA,NA,"No",26,"M26A",59,"Machete",9,"Yes",NA,NA,NA,NA,NA,NA,NA,NA,NA,"04","27","2012","04/2012","04/27/2012"
"HA","4/27/12",82,"No","0",0,0,NA,"day",0,"peccary","","","","","",NA,NA,NA,NA,NA,"No",45,"M45A",29,"Shotgun",9,"Yes",NA,NA,NA,NA,NA,NA,NA,NA,NA,"04","27","2012","04/2012","04/27/2012"
"HA","4/29/12",83,"No","38.5",38.54875283,38.54875283,NA,"night",1,"deer","keeh","","","","",NA,NA,NA,NA,NA,"No",26,"M26C",20,"Machete",1.33,"No",NA,NA,NA,NA,NA,NA,NA,NA,NA,"04","29","2012","04/2012","04/29/2012"
"HA","4/29/12",83,"No","38.5",38.54875283,38.54875283,NA,"night",1,"deer","keeh","","","","",NA,NA,NA,NA,NA,"No",45,"M45A",29,"Shotgun",1.33,"No",NA,NA,NA,NA,NA,NA,NA,NA,NA,"04","29","2012","04/2012","04/29/2012"
"HA","4/30/12",84,"No","0",0,0,NA,"day",0,"peccary","","","","","",NA,NA,NA,NA,NA,"No",45,"M45A",29,"Machete",7,"Yes",NA,NA,NA,NA,NA,NA,NA,NA,NA,"04","30","2012","04/2012","04/30/2012"
"HA","5/5/12",85,"No","9.1",9.070294785,9.070294785,NA,"day",1,"deer","keeh","","","","",NA,NA,NA,NA,NA,"No",32,"M32A",45,"Machete",1.5,"Yes","M32D",15,"Machete","M32E",11,"Machete",NA,NA,NA,"05","05","2012","05/2012","05/05/2012"
"HA","5/6/12",86,"No","20.4",20.40816327,20.40816327,NA,"day",1,"peccary","kitam","","","","",NA,NA,NA,NA,NA,"No",26,"M26A",59,"Machete",3,"Yes",NA,NA,NA,NA,NA,NA,NA,NA,NA,"05","06","2012","05/2012","05/06/2012"
"HA","5/6/12",86,"No","20.4",20.40816327,20.40816327,NA,"day",1,"peccary","kitam","","","","",NA,NA,NA,NA,NA,"No",26,"M26C",20,"Shotgun",3,"Yes",NA,NA,NA,NA,NA,NA,NA,NA,NA,"05","06","2012","05/2012","05/06/2012"
"HA","5/6/12",86,"No","20.4",20.40816327,20.40816327,NA,"day",1,"peccary","kitam","","","","",NA,NA,NA,NA,NA,"No",45,"M45A",29,"Machete",3,"Yes",NA,NA,NA,NA,NA,NA,NA,NA,NA,"05","06","2012","05/2012","05/06/2012"
"HA","5/9/12",88,"No","0",0,0,NA,"day",0,"rabbit (turich)","","","","","",NA,NA,NA,NA,NA,"No",32,"M32A",45,"Machete",5,"Yes",NA,NA,NA,NA,NA,NA,NA,NA,NA,"05","09","2012","05/2012","05/09/2012"
"HA","5/9/12",89,"No","0",0,0,NA,"night",0,"gibnut","","","","","",NA,NA,NA,NA,NA,"No",38,"M38A",40,"Shotgun",5,"No",NA,NA,NA,NA,NA,NA,NA,NA,NA,"05","09","2012","05/2012","05/09/2012"
"HA","5/9/12",89,"No","0",0,0,NA,"night",0,"gibnut","","","","","",NA,NA,NA,NA,NA,"No",52,"M52A",33,"Machete",5,"No",NA,NA,NA,NA,NA,NA,NA,NA,NA,"05","09","2012","05/2012","05/09/2012"
"GPS/HR","5/10/12",90,"Yes","0",0,0,NA,"night",0,"gibnut","","","","","",NA,NA,NA,NA,NA,"No",0,"M0A",35,"Machete",4.12,"No",NA,NA,NA,NA,NA,NA,NA,NA,NA,"05","10","2012","05/2012","05/10/2012"
"GPS/HR","5/10/12",90,"Yes","0",0,0,NA,"night",0,"gibnut","","","","","",NA,NA,NA,NA,NA,"No",28,"M28A",23,"Shotgun",4.12,"No",NA,NA,NA,NA,NA,NA,NA,NA,NA,"05","10","2012","05/2012","05/10/2012"
"HA","5/11/12",91,"No","15.9",15.87301587,15.87301587,NA,"day",1,"peccary","kitam","","","","",NA,NA,NA,NA,NA,"No",26,"M26A",59,"Machete",2.5,"Yes",NA,NA,NA,NA,NA,NA,NA,NA,NA,"05","11","2012","05/2012","05/11/2012"
"HA","5/11/12",91,"No","15.9",15.87301587,15.87301587,NA,"day",1,"peccary","kitam","","","","",NA,NA,NA,NA,NA,"No",28,"M28A",23,"Shotgun",2.5,"Yes",NA,NA,NA,NA,NA,NA,NA,NA,NA,"05","11","2012","05/2012","05/11/2012"
"HA","5/11/12",91,"No","15.9",15.87301587,15.87301587,NA,"day",1,"peccary","kitam","","","","",NA,NA,NA,NA,NA,"No",45,"M45A",29,"Machete",2.5,"Yes",NA,NA,NA,NA,NA,NA,NA,NA,NA,"05","11","2012","05/2012","05/11/2012"
"HA","5/21/12",93,"No","5.4",5.442176871,5.442176871,NA,"day",2,"agouti","kiib","kiib","","","",3.62874,1.81437,NA,NA,NA,"No",45,"M45A",29,"Machete",2,"Yes",NA,NA,NA,NA,NA,NA,NA,NA,NA,"05","21","2012","05/2012","05/21/2012"
"HA","5/22/12",94,"No","0",0,0,NA,"day",0,"peccary","","","","","",NA,NA,NA,NA,NA,"No",26,"M26A",59,"Shotgun",NA,"Yes",NA,NA,NA,NA,NA,NA,NA,NA,NA,"05","22","2012","05/2012","05/22/2012"
"HA","5/23/12",95,"No","0",0,0,NA,"night",0,"deer","","","","","",NA,NA,NA,NA,NA,"No",28,"M28A",23,"Shotgun",NA,"No",NA,NA,NA,NA,NA,NA,NA,NA,NA,"05","23","2012","05/2012","05/23/2012"
"GPS/HR","5/25/12",96,"Yes","0",0,0,NA,"day",0,"deer, ground mole","","","","","",NA,NA,NA,NA,NA,"No",0,"M0A",35,"Machete",2.3,"Yes",NA,NA,NA,NA,NA,NA,NA,NA,NA,"05","25","2012","05/2012","05/25/2012"
"GPS/HR","5/25/12",96,"Yes","0",0,0,NA,"day",0,"deer, ground mole","","","","","",NA,NA,NA,NA,NA,"No",73,"M73C",18,"Machete",2.3,"Yes",NA,NA,NA,NA,NA,NA,NA,NA,NA,"05","25","2012","05/2012","05/25/2012"
"GPS/HR","6/28/12",97,"Yes","0",0,0,NA,"day",0,"peccary","","","","","",NA,NA,NA,NA,NA,"No",0,"M0A",35,"Machete",7.58,"Yes",NA,NA,NA,NA,NA,NA,NA,NA,NA,"06","28","2012","06/2012","06/28/2012"
"GPS/HR","6/28/12",97,"Yes","0",0,0,NA,"day",0,"peccary","","","","","",NA,NA,NA,NA,NA,"No",26,"M26A",58,"Machete",7.58,"Yes",NA,NA,NA,NA,NA,NA,NA,NA,NA,"06","28","2012","06/2012","06/28/2012"
"GPS/HR","6/28/12",97,"Yes","0",0,0,NA,"day",0,"peccary","","","","","",NA,NA,NA,NA,NA,"No",26,"M26C",18,"Machete",7.58,"Yes",NA,NA,NA,NA,NA,NA,NA,NA,NA,"06","28","2012","06/2012","06/28/2012"
"GPS/HR","6/28/12",97,"Yes","0",0,0,NA,"day",0,"peccary","","","","","",NA,NA,NA,NA,NA,"No",27,"M27A",25,"Machete",7.58,"Yes",NA,NA,NA,NA,NA,NA,NA,NA,NA,"06","28","2012","06/2012","06/28/2012"
"GPS/HR","6/28/12",97,"Yes","0",0,0,NA,"day",0,"peccary","","","","","",NA,NA,NA,NA,NA,"No",45,"M45A",28,"Shotgun",7.58,"Yes",NA,NA,NA,NA,NA,NA,NA,NA,NA,"06","28","2012","06/2012","06/28/2012"
"GPS/HR","6/30/12",98,"Yes","0",0,0,NA,"day",0,"peccary, deer, agouti","","","","","",NA,NA,NA,NA,NA,"No",0,"M0A",35,"Machete",6.33,"Yes",NA,NA,NA,NA,NA,NA,NA,NA,NA,"06","30","2012","06/2012","06/30/2012"
"GPS/HR","6/30/12",98,"Yes","0",0,0,NA,"day",0,"peccary, deer, agouti","","","","","",NA,NA,NA,NA,NA,"No",26,"M26A",58,"Machete",6.33,"Yes",NA,NA,NA,NA,NA,NA,NA,NA,NA,"06","30","2012","06/2012","06/30/2012"
"GPS/HR","6/30/12",98,"Yes","0",0,0,NA,"day",0,"peccary, deer, agouti","","","","","",NA,NA,NA,NA,NA,"No",26,"M26C",18,"Machete",6.33,"Yes",NA,NA,NA,NA,NA,NA,NA,NA,NA,"06","30","2012","06/2012","06/30/2012"
"GPS/HR","6/30/12",98,"Yes","0",0,0,NA,"day",0,"peccary, deer, agouti","","","","","",NA,NA,NA,NA,NA,"No",27,"M27A",25,"Machete",6.33,"Yes",NA,NA,NA,NA,NA,NA,NA,NA,NA,"06","30","2012","06/2012","06/30/2012"
"GPS/HR","6/30/12",98,"Yes","0",0,0,NA,"day",0,"peccary, deer, agouti","","","","","",NA,NA,NA,NA,NA,"No",45,"M45A",28,"Shotgun",6.33,"Yes",NA,NA,NA,NA,NA,NA,NA,NA,NA,"06","30","2012","06/2012","06/30/2012"
"HA","7/2/12",99,"No","1.4",1.360544218,1.360544218,NA,"day",1,"agouti","kiib","","","","",NA,NA,NA,NA,NA,"No",32,"M32A",45,"Machete",9,"Yes","M32E",11,"Machete","M32F",10,"Machete",NA,NA,NA,"07","02","2012","07/2012","07/02/2012"
"GPS/HR","7/2/12",100,"Yes","0",0,0,NA,"day",0,"armadillo","","","","","",NA,NA,NA,NA,NA,"No",0,"M0A",35,"Machete",4.55,"Yes",NA,NA,NA,NA,NA,NA,NA,NA,NA,"07","02","2012","07/2012","07/02/2012"
"GPS/HR","7/2/12",100,"Yes","0",0,0,NA,"day",0,"armadillo","","","","","",NA,NA,NA,NA,NA,"No",29,"M29A",24,"Machete",4.55,"Yes",NA,NA,NA,NA,NA,NA,NA,NA,NA,"07","02","2012","07/2012","07/02/2012"
"GPS/HR","7/2/12",100,"Yes","0",0,0,NA,"day",0,"armadillo","","","","","",NA,NA,NA,NA,NA,"No",30,"M30A",52,"Machete",4.55,"Yes",NA,NA,NA,NA,NA,NA,NA,NA,NA,"07","02","2012","07/2012","07/02/2012"
"GPS/HR","7/2/12",100,"Yes","0",0,0,NA,"day",0,"armadillo","","","","","",NA,NA,NA,NA,NA,"No",30,"M30C",20,"Machete",4.55,"Yes",NA,NA,NA,NA,NA,NA,NA,NA,NA,"07","02","2012","07/2012","07/02/2012"
"GPS/HR","7/2/12",100,"Yes","0",0,0,NA,"day",0,"armadillo","","","","","",NA,NA,NA,NA,NA,"No",31,"M31A",23,"Machete",4.55,"Yes",NA,NA,NA,NA,NA,NA,NA,NA,NA,"07","02","2012","07/2012","07/02/2012"
"HA","7/3/12",101,"No","5.4",5.442176871,5.442176871,NA,"day",1,"armadillo","wech","","","","",NA,NA,NA,NA,NA,"No",32,"M32A",45,"Machete",6.5,"Yes","M32D",15,"Machete","M32E",11,"Machete","M32F",10,"Machete","07","03","2012","07/2012","07/03/2012"
"GPS/HR","7/3/12",102,"Yes","0",0,0.453514739,NA,"day",0,"bird, peccary, gibnut","","","","","",NA,NA,NA,NA,NA,"No",0,"M0A",35,"Machete",12.23,"Yes",NA,NA,NA,NA,NA,NA,NA,NA,NA,"07","03","2012","07/2012","07/03/2012"
"GPS/HR","7/3/12",102,"Yes","0",0,0.453514739,NA,"day",0,"bird, peccary, gibnut","","","","","",NA,NA,NA,NA,NA,"No",65,"M65C",25,"Machete",12.23,"Yes",NA,NA,NA,NA,NA,NA,NA,NA,NA,"07","03","2012","07/2012","07/03/2012"
"GPS/HR","7/3/12",102,"Yes","0.5",0.453514739,0.453514739,NA,"day",1,"bird, peccary, gibnut","bird","","","","",NA,NA,NA,NA,NA,"No",66,"M66A",33,"Shotgun",12.23,"Yes",NA,NA,NA,NA,NA,NA,NA,NA,NA,"07","03","2012","07/2012","07/03/2012"
"HA","7/6/12",103,"No","0",0,0,NA,"night",0,"gibnut","","","","","",NA,NA,NA,NA,NA,"No",2,"M2A",28,"Machete",4.33,"No",NA,NA,NA,NA,NA,NA,NA,NA,NA,"07","06","2012","07/2012","07/06/2012"
"HA","7/6/12",103,"No","0",0,0,NA,"night",0,"gibnut","","","","","",NA,NA,NA,NA,NA,"No",9,"M9A",29,"Shotgun",4.33,"No",NA,NA,NA,NA,NA,NA,NA,NA,NA,"07","06","2012","07/2012","07/06/2012"
"HA","7/7/12",104,"No","0",0,0,NA,"day",0,"armadillo, peccary","","","","","",NA,NA,NA,NA,NA,"No",26,"M26A",59,"Machete",3.5,"Yes",NA,NA,NA,NA,NA,NA,NA,NA,NA,"07","07","2012","07/2012","07/07/2012"
"HA","7/7/12",104,"No","0",0,0,NA,"day",0,"armadillo, peccary","","","","","",NA,NA,NA,NA,NA,"No",45,"M45A",29,"Shotgun",3.5,"Yes",NA,NA,NA,NA,NA,NA,NA,NA,NA,"07","07","2012","07/2012","07/07/2012"
"Notes","7/8/12",105,"No","armadillo (x1)",5,5,NA,"day",1,"armadillo","wech","","","","",NA,NA,NA,NA,NA,"Yes",54,"M54A",37,"Machete",NA,"Yes",NA,NA,NA,NA,NA,NA,NA,NA,NA,"07","08","2012","07/2012","07/08/2012"
"HA","7/9/12",106,"No","0",0,0,NA,"night",0,"deer","","","","","",NA,NA,NA,NA,NA,"No",33,"M33A",40,"Machete",2,"No",NA,NA,NA,NA,NA,NA,NA,NA,NA,"07","09","2012","07/2012","07/09/2012"
"HA","7/9/12",106,"No","0",0,0,NA,"night",0,"deer","","","","","",NA,NA,NA,NA,NA,"No",9,"M9A",29,"Shotgun",2,"No",NA,NA,NA,NA,NA,NA,NA,NA,NA,"07","09","2012","07/2012","07/09/2012"
"HA","7/12/12",107,"No","22.7",22.67573696,22.67573696,NA,"day",2,"peccary","kitam","kitam","","","",13.6078,9.07185,NA,NA,NA,"No",26,"M26A",59,"Machete",3,"Yes",NA,NA,NA,NA,NA,NA,NA,NA,NA,"07","12","2012","07/2012","07/12/2012"
"HA","7/12/12",107,"No","22.7",22.67573696,22.67573696,NA,"day",2,"peccary","kitam","kitam","","","",13.6078,9.07185,NA,NA,NA,"No",26,"M26C",20,"Machete",3,"Yes",NA,NA,NA,NA,NA,NA,NA,NA,NA,"07","12","2012","07/2012","07/12/2012"
"HA","7/12/12",107,"No","22.7",22.67573696,22.67573696,NA,"day",2,"peccary","kitam","kitam","","","",13.6078,9.07185,NA,NA,NA,"No",5,"M5A",50,"Machete",3,"Yes",NA,NA,NA,NA,NA,NA,NA,NA,NA,"07","12","2012","07/2012","07/12/2012"
"HA","7/12/12",107,"No","22.7",22.67573696,22.67573696,NA,"day",2,"peccary","kitam","kitam","","","",13.6078,9.07185,NA,NA,NA,"No",5,"M5C",20,"Shotgun",3,"Yes",NA,NA,NA,NA,NA,NA,NA,NA,NA,"07","12","2012","07/2012","07/12/2012"
"HA","7/13/12",108,"No","0",0,0,NA,"day",0,"peccary, agouti","","","","","",NA,NA,NA,NA,NA,"No",32,"M32A",45,"Machete",10.5,"Yes","M32D",15,"Machete","M32E",11,"Machete","M32F",10,"Machete","07","13","2012","07/2012","07/13/2012"
"HA","7/14/12",109,"No","0",0,0,NA,"day",0,"deer","","","","","",NA,NA,NA,NA,NA,"No",61,"M61A",19,"Machete",1,"Yes",NA,NA,NA,NA,NA,NA,NA,NA,NA,"07","14","2012","07/2012","07/14/2012"
"GPS/HR","7/14/12",110,"Yes","0",0,0,NA,"day",0,"armadillo, oppossum","","","","","",NA,NA,NA,NA,NA,"No",0,"M0A",35,"Machete",4.93,"Yes",NA,NA,NA,NA,NA,NA,NA,NA,NA,"07","14","2012","07/2012","07/14/2012"
"GPS/HR","7/14/12",110,"Yes","0",0,0,NA,"day",0,"armadillo, oppossum","","","","","",NA,NA,NA,NA,NA,"No",29,"M29A",24,"Machete",4.93,"Yes",NA,NA,NA,NA,NA,NA,NA,NA,NA,"07","14","2012","07/2012","07/14/2012"
"GPS/HR","7/14/12",110,"Yes","0",0,0,NA,"day",0,"armadillo, oppossum","","","","","",NA,NA,NA,NA,NA,"No",31,"M31A",23,"Machete",4.93,"Yes","M30C",11,"Machete",NA,NA,NA,NA,NA,NA,"07","14","2012","07/2012","07/14/2012"
"HA","7/16/12",111,"No","0",0,0,NA,"night",0,"gibnut","","","","","",NA,NA,NA,NA,NA,"No",40,"M40A",50,"Shotgun",7.5,"No",NA,NA,NA,NA,NA,NA,NA,NA,NA,"07","16","2012","07/2012","07/16/2012"
"HA","7/16/12",111,"No","0",0,0,NA,"night",0,"gibnut","","","","","",NA,NA,NA,NA,NA,"No",75,"M75A",50,"Machete",7.5,"No",NA,NA,NA,NA,NA,NA,NA,NA,NA,"07","16","2012","07/2012","07/16/2012"
"HA","7/18/12",112,"No","0",0,0,NA,"night",0,"gibnut","","","","","",NA,NA,NA,NA,NA,"No",2,"M2A",28,"Machete",5.5,"No",NA,NA,NA,NA,NA,NA,NA,NA,NA,"07","18","2012","07/2012","07/18/2012"
"HA","7/18/12",112,"No","0",0,0,NA,"night",0,"gibnut","","","","","",NA,NA,NA,NA,NA,"No",40,"M40A",50,"Shotgun",5.5,"No",NA,NA,NA,NA,NA,NA,NA,NA,NA,"07","18","2012","07/2012","07/18/2012"
"HA","7/20/12",113,"No","0",0,0,NA,"night",0,"gibnut","","","","","",NA,NA,NA,NA,NA,"No",2,"M2A",28,"Machete",4.5,"No",NA,NA,NA,NA,NA,NA,NA,NA,NA,"07","20","2012","07/2012","07/20/2012"
"HA","7/20/12",113,"No","0",0,0,NA,"night",0,"gibnut","","","","","",NA,NA,NA,NA,NA,"No",4,"M4A",24,"Shotgun",4.5,"No",NA,NA,NA,NA,NA,NA,NA,NA,NA,"07","20","2012","07/2012","07/20/2012"
"HA","7/21/12",114,"No","13.6",13.60544218,13.60544218,NA,"day",1,"peccary","kitam","","","","",NA,NA,NA,NA,NA,"No",26,"M26A",59,"Machete",NA,"Yes",NA,NA,NA,NA,NA,NA,NA,NA,NA,"07","21","2012","07/2012","07/21/2012"
"HA","7/21/12",114,"No","13.6",13.60544218,13.60544218,NA,"day",1,"peccary","kitam","","","","",NA,NA,NA,NA,NA,"No",26,"M26C",20,"Machete",NA,"Yes",NA,NA,NA,NA,NA,NA,NA,NA,NA,"07","21","2012","07/2012","07/21/2012"
"HA","7/21/12",114,"No","13.6",13.60544218,13.60544218,NA,"day",1,"peccary","kitam","","","","",NA,NA,NA,NA,NA,"No",45,"M45A",29,"Machete",NA,"Yes",NA,NA,NA,NA,NA,NA,NA,NA,NA,"07","21","2012","07/2012","07/21/2012"
"HA","7/21/12",114,"No","13.6",13.60544218,13.60544218,NA,"day",1,"peccary","kitam","","","","",NA,NA,NA,NA,NA,"No",5,"M5A",50,"Shotgun",NA,"Yes",NA,NA,NA,NA,NA,NA,NA,NA,NA,"07","21","2012","07/2012","07/21/2012"
"HA","7/21/12",115,"No","0",0,0,NA,"day",0,"armadillo","","","","","",NA,NA,NA,NA,NA,"No",18,"M18A",60,"Machete",NA,"Yes",NA,NA,NA,NA,NA,NA,NA,NA,NA,"07","21","2012","07/2012","07/21/2012"
"HA","7/21/12",115,"No","0",0,0,NA,"day",0,"armadillo","","","","","",NA,NA,NA,NA,NA,"No",61,"M61A",19,"Machete",NA,"Yes",NA,NA,NA,NA,NA,NA,NA,NA,NA,"07","21","2012","07/2012","07/21/2012"
"HA","7/22/12",116,"No","22.7",22.67573696,22.67573696,NA,"day",1,"peccary","kitam","","","","",NA,NA,NA,NA,NA,"No",26,"M26A",59,"Shotgun",6.6,"Yes",NA,NA,NA,NA,NA,NA,NA,NA,NA,"07","22","2012","07/2012","07/22/2012"
"HA","7/22/12",116,"No","22.7",22.67573696,22.67573696,NA,"day",1,"peccary","kitam","","","","",NA,NA,NA,NA,NA,"No",45,"M45A",29,"Machete",6.6,"Yes",NA,NA,NA,NA,NA,NA,NA,NA,NA,"07","22","2012","07/2012","07/22/2012"
"HA","7/22/12",116,"No","22.7",22.67573696,22.67573696,NA,"day",1,"peccary","kitam","","","","",NA,NA,NA,NA,NA,"No",5,"M5A",50,"Shotgun",6.6,"Yes",NA,NA,NA,NA,NA,NA,NA,NA,NA,"07","22","2012","07/2012","07/22/2012"
"HA","7/22/12",116,"No","22.7",22.67573696,22.67573696,NA,"day",1,"peccary","kitam","","","","",NA,NA,NA,NA,NA,"No",6,"M6A",30,"Machete",6.6,"Yes",NA,NA,NA,NA,NA,NA,NA,NA,NA,"07","22","2012","07/2012","07/22/2012"
"HA","7/22/12",116,"No","22.7",22.67573696,22.67573696,NA,"day",1,"peccary","kitam","","","","",NA,NA,NA,NA,NA,"No",72,"M72A",35,"Shotgun",6.6,"Yes",NA,NA,NA,NA,NA,NA,NA,NA,NA,"07","22","2012","07/2012","07/22/2012"
"HA","7/23/12",117,"No","0",0,0,NA,"day",0,"deer","","","","","",NA,NA,NA,NA,NA,"No",26,"M26A",59,"Machete",6,"Yes",NA,NA,NA,NA,NA,NA,NA,NA,NA,"07","23","2012","07/2012","07/23/2012"
"HA","7/23/12",117,"No","0",0,0,NA,"day",0,"deer","","","","","",NA,NA,NA,NA,NA,"No",26,"M26C",18,"Machete",6,"Yes",NA,NA,NA,NA,NA,NA,NA,NA,NA,"07","23","2012","07/2012","07/23/2012"
"HA","7/23/12",117,"No","0",0,0,NA,"day",0,"deer","","","","","",NA,NA,NA,NA,NA,"No",45,"M45A",29,"Shotgun",6,"Yes",NA,NA,NA,NA,NA,NA,NA,NA,NA,"07","23","2012","07/2012","07/23/2012"
"HA","7/25/12",118,"No","11.8",11.79138322,11.79138322,NA,"day",2,"armadillo","wech","wech","","","",5.8967,5.8967,NA,NA,NA,"No",29,"M29A",24,"Machete",6,"Yes",NA,NA,NA,NA,NA,NA,NA,NA,NA,"07","25","2012","07/2012","07/25/2012"
"HA","7/25/12",118,"No","11.8",11.79138322,11.79138322,NA,"day",2,"armadillo","wech","wech","","","",5.8967,5.8967,NA,NA,NA,"No",30,"M30C",20,"Machete",6,"Yes",NA,NA,NA,NA,NA,NA,NA,NA,NA,"07","25","2012","07/2012","07/25/2012"
"HA","7/25/12",118,"No","11.8",11.79138322,11.79138322,NA,"day",2,"armadillo","wech","wech","","","",5.8967,5.8967,NA,NA,NA,"No",49,"M49C",20,"Machete",6,"Yes",NA,NA,NA,NA,NA,NA,NA,NA,NA,"07","25","2012","07/2012","07/25/2012"
"HA","7/26/12",119,"No","12.7",12.6984127,12.6984127,NA,"day",2,"armadillo","wech","wech","","","",9.07185,3.62874,NA,NA,NA,"No",45,"M45A",29,"Machete",5.3,"No",NA,NA,NA,NA,NA,NA,NA,NA,NA,"07","26","2012","07/2012","07/26/2012"
"HA","7/27/12",120,"No","19.3",19.27437642,19.27437642,NA,"day",1,"peccary","kitam","","","","",NA,NA,NA,NA,NA,"No",26,"M26A",59,"Machete",4.2,"Yes",NA,NA,NA,NA,NA,NA,NA,NA,NA,"07","27","2012","07/2012","07/27/2012"
"HA","7/27/12",120,"No","19.3",19.27437642,19.27437642,NA,"day",1,"peccary","kitam","","","","",NA,NA,NA,NA,NA,"No",45,"M45A",29,"Machete",4.2,"Yes",NA,NA,NA,NA,NA,NA,NA,NA,NA,"07","27","2012","07/2012","07/27/2012"
"HA","7/27/12",120,"No","19.3",19.27437642,19.27437642,NA,"day",1,"peccary","kitam","","","","",NA,NA,NA,NA,NA,"No",5,"M5A",50,"Machete",4.2,"Yes",NA,NA,NA,NA,NA,NA,NA,NA,NA,"07","27","2012","07/2012","07/27/2012"
"HA","7/27/12",120,"No","19.3",19.27437642,19.27437642,NA,"day",1,"peccary","kitam","","","","",NA,NA,NA,NA,NA,"No",5,"M5C",20,"Shotgun",4.2,"Yes",NA,NA,NA,NA,NA,NA,NA,NA,NA,"07","27","2012","07/2012","07/27/2012"
"HA","7/27/12",120,"No","19.3",19.27437642,19.27437642,NA,"day",1,"peccary","kitam","","","","",NA,NA,NA,NA,NA,"No",6,"M6A",30,"Machete",4.2,"Yes",NA,NA,NA,NA,NA,NA,NA,NA,NA,"07","27","2012","07/2012","07/27/2012"
"HA","7/28/12",121,"No","4.5",4.535147392,4.535147392,NA,"day",1,"agouti","kiib","","","","",NA,NA,NA,NA,NA,"No",32,"M32A",45,"Machete",4.5,"Yes","M32D",15,"Machete","M32E",11,"Machete","M32F",10,"Machete","07","28","2012","07/2012","07/28/2012"
"HA","7/29/12",122,"No","16.8",16.78291,16.78291,NA,"day",5,"armadillo","wech","wech","wech","wech","wech",5.44311,4.53592,2.26796,2.26796,2.26796,"No",32,"M32A",45,"Machete",9.5,"Yes","M32D",15,"Machete","M32E",11,"Machete","M32F",10,"Machete","07","29","2012","07/2012","07/29/2012"
"HA","7/30/12",123,"No","0",0,0,NA,"day",0,"armadillo, peccary","","","","","",NA,NA,NA,NA,NA,"No",73,"M73C",18,"Machete",NA,"Yes",NA,NA,NA,NA,NA,NA,NA,NA,NA,"07","30","2012","07/2012","07/30/2012"
"HA","7/31/12",124,"No","4.5",4.535147392,4.535147392,NA,"day",1,"armadillo","wech","","","","",NA,NA,NA,NA,NA,"No",29,"M29A",24,"Machete",1.5,"Yes",NA,NA,NA,NA,NA,NA,NA,NA,NA,"07","31","2012","07/2012","07/31/2012"
"HA","7/31/12",124,"No","4.5",4.535147392,4.535147392,NA,"day",1,"armadillo","wech","","","","",NA,NA,NA,NA,NA,"No",30,"M30C",20,"Machete",1.5,"Yes",NA,NA,NA,NA,NA,NA,NA,NA,NA,"07","31","2012","07/2012","07/31/2012"
"HA","7/31/12",125,"No","0",0,0,NA,"night",0,"peccary","","","","","",NA,NA,NA,NA,NA,"No",40,"M40A",50,"Shotgun",NA,"No",NA,NA,NA,NA,NA,NA,NA,NA,NA,"07","31","2012","07/2012","07/31/2012"
"HA","8/1/12",126,"No","armadillo (x1)",5,5,NA,"day",1,"armadillo","wech","","","","",NA,NA,NA,NA,NA,"Yes",61,"M61A",19,"Machete",NA,"Yes",NA,NA,NA,NA,NA,NA,NA,NA,NA,"08","01","2012","08/2012","08/01/2012"
"HA","8/1/12",126,"No","armadillo (x1)",5,5,NA,"day",1,"armadillo","wech","","","","",NA,NA,NA,NA,NA,"Yes",62,"M62A",27,"Machete",NA,"Yes",NA,NA,NA,NA,NA,NA,NA,NA,NA,"08","01","2012","08/2012","08/01/2012"
"HA","8/1/12",126,"No","armadillo (x1)",5,5,NA,"day",1,"armadillo","wech","","","","",NA,NA,NA,NA,NA,"Yes",63,"M63A",31,"Machete",NA,"Yes",NA,NA,NA,NA,NA,NA,NA,NA,NA,"08","01","2012","08/2012","08/01/2012"
"GPS/HR","8/2/12",127,"Yes","0",0,0,NA,"day",0,"gibnut, peccary","","","","","",NA,NA,NA,NA,NA,"No",0,"M0A",35,"Machete",6.13,"Yes",NA,NA,NA,NA,NA,NA,NA,NA,NA,"08","02","2012","08/2012","08/02/2012"
"GPS/HR","8/2/12",127,"Yes","0",0,0,NA,"day",0,"gibnut, peccary","","","","","",NA,NA,NA,NA,NA,"No",45,"M45A",28,"Machete",6.13,"Yes","M72C",13,"Machete",NA,NA,NA,NA,NA,NA,"08","02","2012","08/2012","08/02/2012"
"HA","8/3/12",128,"No","13.6",13.60544218,13.60544218,NA,"day",1,"peccary","kitam","","","","",NA,NA,NA,NA,NA,"No",26,"M26A",59,"Shotgun",4.5,"Yes",NA,NA,NA,NA,NA,NA,NA,NA,NA,"08","03","2012","08/2012","08/03/2012"
"HA","8/3/12",128,"No","13.6",13.60544218,13.60544218,NA,"day",1,"peccary","kitam","","","","",NA,NA,NA,NA,NA,"No",26,"M26C",20,"Machete",4.5,"Yes",NA,NA,NA,NA,NA,NA,NA,NA,NA,"08","03","2012","08/2012","08/03/2012"
"HA","8/3/12",128,"No","13.6",13.60544218,13.60544218,NA,"day",1,"peccary","kitam","","","","",NA,NA,NA,NA,NA,"No",28,"M28A",23,"Machete",4.5,"Yes",NA,NA,NA,NA,NA,NA,NA,NA,NA,"08","03","2012","08/2012","08/03/2012"
"HA","8/3/12",128,"No","13.6",13.60544218,13.60544218,NA,"day",1,"peccary","kitam","","","","",NA,NA,NA,NA,NA,"No",45,"M45A",29,"Machete",4.5,"Yes",NA,NA,NA,NA,NA,NA,NA,NA,NA,"08","03","2012","08/2012","08/03/2012"
"HA","8/3/12",128,"No","13.6",13.60544218,13.60544218,NA,"day",1,"peccary","kitam","","","","",NA,NA,NA,NA,NA,"No",5,"M5A",50,"Machete",4.5,"Yes",NA,NA,NA,NA,NA,NA,NA,NA,NA,"08","03","2012","08/2012","08/03/2012"
"HA","8/3/12",128,"No","13.6",13.60544218,13.60544218,NA,"day",1,"peccary","kitam","","","","",NA,NA,NA,NA,NA,"No",5,"M5C",20,"Machete",4.5,"Yes",NA,NA,NA,NA,NA,NA,NA,NA,NA,"08","03","2012","08/2012","08/03/2012"
"HA","8/3/12",128,"No","13.6",13.60544218,13.60544218,NA,"day",1,"peccary","kitam","","","","",NA,NA,NA,NA,NA,"No",5,"M5D",16,"Machete",4.5,"Yes",NA,NA,NA,NA,NA,NA,NA,NA,NA,"08","03","2012","08/2012","08/03/2012"
"HA","8/3/12",128,"No","13.6",13.60544218,13.60544218,NA,"day",1,"peccary","kitam","","","","",NA,NA,NA,NA,NA,"No",6,"M6A",30,"Machete",4.5,"Yes",NA,NA,NA,NA,NA,NA,NA,NA,NA,"08","03","2012","08/2012","08/03/2012"
"GPS/HR","8/3/12",129,"Yes","5.4",5.442176871,5.442176871,NA,"day",1,"armadillo","wech","","","","",NA,NA,NA,NA,NA,"No",0,"M0A",35,"Machete",3.33,"Yes",NA,NA,NA,NA,NA,NA,NA,NA,NA,"08","03","2012","08/2012","08/03/2012"
"GPS/HR","8/3/12",129,"Yes","5.4",5.442176871,5.442176871,NA,"day",1,"armadillo","wech","","","","",NA,NA,NA,NA,NA,"No",61,"M61A",22,"Machete",3.33,"Yes","M55C",13,"Machete",NA,NA,NA,NA,NA,NA,"08","03","2012","08/2012","08/03/2012"
"GPS/HR","8/3/12",129,"Yes","5.4",5.442176871,5.442176871,NA,"day",1,"armadillo","wech","","","","",NA,NA,NA,NA,NA,"No",73,"M73C",18,"Machete",3.33,"Yes",NA,NA,NA,NA,NA,NA,NA,NA,NA,"08","03","2012","08/2012","08/03/2012"
"HA","8/9/12",130,"No","white collared peccary (x2)",38,38,NA,"day",2,"peccary (x2)","kitam","kitam","","","",19,19,NA,NA,NA,"Yes",45,"M45A",29,"Machete",NA,"Yes",NA,NA,NA,NA,NA,NA,NA,NA,NA,"08","09","2012","08/2012","08/09/2012"
"HA","8/9/12",130,"No","white collared peccary (x2)",38,38,NA,"day",2,"peccary (x2)","kitam","kitam","","","",19,19,NA,NA,NA,"Yes",5,"M5A",50,"Shotgun",NA,"Yes",NA,NA,NA,NA,NA,NA,NA,NA,NA,"08","09","2012","08/2012","08/09/2012"
"HA","8/9/12",130,"No","white collared peccary (x2)",38,38,NA,"day",2,"peccary (x2)","kitam","kitam","","","",19,19,NA,NA,NA,"Yes",6,"M6A",30,"Machete",NA,"Yes",NA,NA,NA,NA,NA,NA,NA,NA,NA,"08","09","2012","08/2012","08/09/2012"
"HA","8/10/12",131,"No","12.5",12.47165533,12.47165533,NA,"day",1,"armadillo","wech","","","","",NA,NA,NA,NA,NA,"No",54,"M54C",18,"Machete",5,"Yes","M54D",15,"Machete",NA,NA,NA,NA,NA,NA,"08","10","2012","08/2012","08/10/2012"
"HA","8/13/12",132,"No","18.1",18.14058957,18.14058957,NA,"day",1,"peccary","kitam","","","","",NA,NA,NA,NA,NA,"No",8,"M8A",41,"Shotgun",4,"No",NA,NA,NA,NA,NA,NA,NA,NA,NA,"08","13","2012","08/2012","08/13/2012"
"HA","8/13/12",132,"No","18.1",18.14058957,18.14058957,NA,"day",1,"peccary","kitam","","","","",NA,NA,NA,NA,NA,"No",9,"M9A",29,"Shotgun",4,"No",NA,NA,NA,NA,NA,NA,NA,NA,NA,"08","13","2012","08/2012","08/13/2012"
"GPS/HR","8/13/12",133,"Yes","0",0,0,NA,"day",0,"agouti","","","","","",NA,NA,NA,NA,NA,"No",0,"M0A",35,"Machete",3.38,"Yes",NA,NA,NA,NA,NA,NA,NA,NA,NA,"08","13","2012","08/2012","08/13/2012"
"GPS/HR","8/13/12",133,"Yes","0",0,0,NA,"day",0,"agouti","","","","","",NA,NA,NA,NA,NA,"No",45,"M45A",28,"Machete",3.38,"Yes",NA,NA,NA,NA,NA,NA,NA,NA,NA,"08","13","2012","08/2012","08/13/2012"
"HA","8/14/12",134,"No","18.1",18.14058957,18.14058957,NA,"day",1,"peccary","kitam","","","","",NA,NA,NA,NA,NA,"No",26,"M26A",59,"Shotgun",2.5,"Yes",NA,NA,NA,NA,NA,NA,NA,NA,NA,"08","14","2012","08/2012","08/14/2012"
"HA","8/14/12",134,"No","18.1",18.14058957,18.14058957,NA,"day",1,"peccary","kitam","","","","",NA,NA,NA,NA,NA,"No",26,"M26C",20,"Machete",2.5,"Yes",NA,NA,NA,NA,NA,NA,NA,NA,NA,"08","14","2012","08/2012","08/14/2012"
"HA","8/14/12",134,"No","18.1",18.14058957,18.14058957,NA,"day",1,"peccary","kitam","","","","",NA,NA,NA,NA,NA,"No",28,"M28A",23,"Machete",2.5,"Yes",NA,NA,NA,NA,NA,NA,NA,NA,NA,"08","14","2012","08/2012","08/14/2012"
"HA","8/14/12",134,"No","18.1",18.14058957,18.14058957,NA,"day",1,"peccary","kitam","","","","",NA,NA,NA,NA,NA,"No",45,"M45A",29,"Machete",2.5,"Yes",NA,NA,NA,NA,NA,NA,NA,NA,NA,"08","14","2012","08/2012","08/14/2012"
"HA","8/14/12",134,"No","18.1",18.14058957,18.14058957,NA,"day",1,"peccary","kitam","","","","",NA,NA,NA,NA,NA,"No",72,"M72A",35,"Machete",2.5,"Yes",NA,NA,NA,NA,NA,NA,NA,NA,NA,"08","14","2012","08/2012","08/14/2012"
"HA","8/14/12",135,"No","56.7",56.6893424,56.6893424,NA,"day",2,"deer, armadillo","keeh","wech","","","",45.4,11.3,NA,NA,NA,"No",73,"M73A",54,"Machete",7,"Yes",NA,NA,NA,NA,NA,NA,NA,NA,NA,"08","14","2012","08/2012","08/14/2012"
"HA","8/14/12",135,"No","56.7",56.6893424,56.6893424,NA,"day",2,"deer, armadillo","keeh","wech","","","",45.4,11.3,NA,NA,NA,"No",73,"M73C",18,"Machete",7,"Yes",NA,NA,NA,NA,NA,NA,NA,NA,NA,"08","14","2012","08/2012","08/14/2012"
"HA","8/14/12",136,"No","0",0,0,NA,"night",0,"peccary","","","","","",NA,NA,NA,NA,NA,"No",28,"M28A",23,"Shotgun",3.5,"No",NA,NA,NA,NA,NA,NA,NA,NA,NA,"08","14","2012","08/2012","08/14/2012"
"HA","8/14/12",137,"No","0",0,0,NA,"night",0,"squash","","","","","",NA,NA,NA,NA,NA,"No",30,"M30A",52,"Machete",5,"No",NA,NA,NA,NA,NA,NA,NA,NA,NA,"08","14","2012","08/2012","08/14/2012"
"HA","8/14/12",137,"No","0",0,0,NA,"night",0,"squash","","","","","",NA,NA,NA,NA,NA,"No",32,"M32A",45,"Shotgun",5,"No",NA,NA,NA,NA,NA,NA,NA,NA,NA,"08","14","2012","08/2012","08/14/2012"
"GPS/HR","8/16/12",138,"Yes","14.5",14.51247166,14.51247166,NA,"day",1,"peccary","kitam","","","","",NA,NA,NA,NA,NA,"No",0,"M0A",35,"Machete",5.23,"Yes",NA,NA,NA,NA,NA,NA,NA,NA,NA,"08","16","2012","08/2012","08/16/2012"
"GPS/HR","8/16/12",138,"Yes","14.5",14.51247166,14.51247166,NA,"day",1,"peccary","kitam","","","","",NA,NA,NA,NA,NA,"No",26,"M26A",58,"Machete",5.23,"Yes",NA,NA,NA,NA,NA,NA,NA,NA,NA,"08","16","2012","08/2012","08/16/2012"
"GPS/HR","8/16/12",138,"Yes","14.5",14.51247166,14.51247166,NA,"day",1,"peccary","kitam","","","","",NA,NA,NA,NA,NA,"No",26,"M26C",18,"Machete",5.23,"Yes",NA,NA,NA,NA,NA,NA,NA,NA,NA,"08","16","2012","08/2012","08/16/2012"
"GPS/HR","8/16/12",138,"Yes","14.5",14.51247166,14.51247166,NA,"day",1,"peccary","kitam","","","","",NA,NA,NA,NA,NA,"No",37,"M37C",30,"Machete",5.23,"Yes",NA,NA,NA,NA,NA,NA,NA,NA,NA,"08","16","2012","08/2012","08/16/2012"
"GPS/HR","8/16/12",138,"Yes","14.5",14.51247166,14.51247166,NA,"day",1,"peccary","kitam","","","","",NA,NA,NA,NA,NA,"No",38,"M38A",40,"Machete",5.23,"Yes",NA,NA,NA,NA,NA,NA,NA,NA,NA,"08","16","2012","08/2012","08/16/2012"
"GPS/HR","8/16/12",138,"Yes","14.5",14.51247166,14.51247166,NA,"day",1,"peccary","kitam","","","","",NA,NA,NA,NA,NA,"No",45,"M45A",28,"Machete",5.23,"Yes",NA,NA,NA,NA,NA,NA,NA,NA,NA,"08","16","2012","08/2012","08/16/2012"
"GPS/HR","8/16/12",138,"Yes","14.5",14.51247166,14.51247166,NA,"day",1,"peccary","kitam","","","","",NA,NA,NA,NA,NA,"No",5,"M5A",50,"Machete",5.23,"Yes","M5C",13,"Machete",NA,NA,NA,NA,NA,NA,"08","16","2012","08/2012","08/16/2012"
"HA","8/18/12",139,"No","63.5",63.49206349,63.49206349,NA,"day",2,"peccary","kitam","kitam","","","",31.7515,31.7515,NA,NA,NA,"No",65,"M65",40,"Machete",5,"Yes",NA,NA,NA,NA,NA,NA,NA,NA,NA,"08","18","2012","08/2012","08/18/2012"
"HA","8/18/12",139,"No","63.5",63.49206349,63.49206349,NA,"day",2,"peccary","kitam","kitam","","","",31.7515,31.7515,NA,NA,NA,"No",65,"M65A",50,"Shotgun",5,"Yes","M65D",16,"Machete","M65E",14,"Machete",NA,NA,NA,"08","18","2012","08/2012","08/18/2012"
"HA","8/18/12",139,"No","63.5",63.49206349,63.49206349,NA,"day",2,"peccary","kitam","kitam","","","",31.7515,31.7515,NA,NA,NA,"No",65,"M65C",25,"Shotgun",5,"Yes",NA,NA,NA,NA,NA,NA,NA,NA,NA,"08","18","2012","08/2012","08/18/2012"
"HA","8/18/12",140,"No","18.1",18.14058957,18.14058957,NA,"day",1,"peccary","kitam","","","","",NA,NA,NA,NA,NA,"No",28,"M28A",23,"Machete",3,"Yes",NA,NA,NA,NA,NA,NA,NA,NA,NA,"08","18","2012","08/2012","08/18/2012"
"HA","8/18/12",140,"No","18.1",18.14058957,18.14058957,NA,"day",1,"peccary","kitam","","","","",NA,NA,NA,NA,NA,"No",5,"M5A",50,"Shotgun",3,"Yes",NA,NA,NA,NA,NA,NA,NA,NA,NA,"08","18","2012","08/2012","08/18/2012"
"HA","8/18/12",140,"No","18.1",18.14058957,18.14058957,NA,"day",1,"peccary","kitam","","","","",NA,NA,NA,NA,NA,"No",6,"M6A",30,"Machete",3,"Yes",NA,NA,NA,NA,NA,NA,NA,NA,NA,"08","18","2012","08/2012","08/18/2012"
"HA","8/18/12",140,"No","18.1",18.14058957,18.14058957,NA,"day",1,"peccary","kitam","","","","",NA,NA,NA,NA,NA,"No",9,"M9A",29,"Machete",3,"Yes",NA,NA,NA,NA,NA,NA,NA,NA,NA,"08","18","2012","08/2012","08/18/2012"
"HA","8/19/12",141,"No","12.7",12.6984127,12.6984127,NA,"day",2,"agouti, armadillo","kiib","wech","","","",3.6,9.1,NA,NA,NA,"No",26,"M26A",59,"Machete",4.5,"Yes",NA,NA,NA,NA,NA,NA,NA,NA,NA,"08","19","2012","08/2012","08/19/2012"
"HA","8/19/12",141,"No","12.7",12.6984127,12.6984127,NA,"day",2,"agouti, armadillo","kiib","wech","","","",3.6,9.1,NA,NA,NA,"No",28,"M28A",23,"Shotgun",4.5,"Yes",NA,NA,NA,NA,NA,NA,NA,NA,NA,"08","19","2012","08/2012","08/19/2012"
"HA","8/19/12",141,"No","12.7",12.6984127,12.6984127,NA,"day",2,"agouti, armadillo","kiib","wech","","","",3.6,9.1,NA,NA,NA,"No",45,"M45A",29,"Machete",4.5,"Yes",NA,NA,NA,NA,NA,NA,NA,NA,NA,"08","19","2012","08/2012","08/19/2012"
"GPS/HR","9/2/12",142,"Yes","white collared peccary (x2)",38,38,NA,"day",2,"peccary","kitam","kitam","","","",19,19,NA,NA,NA,"Yes",0,"M0A",35,"Machete",3.32,"Yes",NA,NA,NA,NA,NA,NA,NA,NA,NA,"09","02","2012","09/2012","09/02/2012"
"GPS/HR","9/2/12",142,"Yes","white collared peccary (x2)",38,38,NA,"day",2,"peccary","kitam","kitam","","","",19,19,NA,NA,NA,"Yes",26,"M26A",58,"Machete",3.32,"Yes",NA,NA,NA,NA,NA,NA,NA,NA,NA,"09","02","2012","09/2012","09/02/2012"
"GPS/HR","9/2/12",142,"Yes","white collared peccary (x2)",38,38,NA,"day",2,"peccary","kitam","kitam","","","",19,19,NA,NA,NA,"Yes",26,"M26C",18,"Machete",3.32,"Yes",NA,NA,NA,NA,NA,NA,NA,NA,NA,"09","02","2012","09/2012","09/02/2012"
"GPS/HR","9/2/12",142,"Yes","white collared peccary (x2)",38,38,NA,"day",2,"peccary","kitam","kitam","","","",19,19,NA,NA,NA,"Yes",28,"M28A",23,"Shotgun",3.32,"Yes",NA,NA,NA,NA,NA,NA,NA,NA,NA,"09","02","2012","09/2012","09/02/2012"
"GPS/HR","9/2/12",142,"Yes","white collared peccary (x2)",38,38,NA,"day",2,"peccary","kitam","kitam","","","",19,19,NA,NA,NA,"Yes",45,"M45A",28,"Machete",3.32,"Yes",NA,NA,NA,NA,NA,NA,NA,NA,NA,"09","02","2012","09/2012","09/02/2012"
"GPS/HR","9/2/12",142,"Yes","white collared peccary (x2)",38,38,NA,"day",2,"peccary","kitam","kitam","","","",19,19,NA,NA,NA,"Yes",5,"M5A",50,"Shotgun",3.32,"Yes",NA,NA,NA,NA,NA,NA,NA,NA,NA,"09","02","2012","09/2012","09/02/2012"
"GPS/HR","9/2/12",142,"Yes","white collared peccary (x2)",38,38,NA,"day",2,"peccary","kitam","kitam","","","",19,19,NA,NA,NA,"Yes",6,"M6A",30,"Machete",3.32,"Yes","M5",14,"Machete",NA,NA,NA,NA,NA,NA,"09","02","2012","09/2012","09/02/2012"
"GPS/HR","9/6/12",143,"Yes","0",0,0,NA,"night",0,"gibnut","","","","","",NA,NA,NA,NA,NA,"No",0,"M0A",35,"Machete",6.05,"No",NA,NA,NA,NA,NA,NA,NA,NA,NA,"09","06","2012","09/2012","09/06/2012"
"GPS/HR","9/6/12",143,"Yes","0",0,0,NA,"night",0,"gibnut","","","","","",NA,NA,NA,NA,NA,"No",72,"M72",30,"Machete",6.05,"No",NA,NA,NA,NA,NA,NA,NA,NA,NA,"09","06","2012","09/2012","09/06/2012"
"GPS/HR","9/6/12",143,"Yes","0",0,0,NA,"night",0,"gibnut","","","","","",NA,NA,NA,NA,NA,"No",72,"M72A",35,"Shotgun",6.05,"No",NA,NA,NA,NA,NA,NA,NA,NA,NA,"09","06","2012","09/2012","09/06/2012"
"GPS/HR","9/8/12",144,"Yes","0",0,0,NA,"day",0,"gibnut","","","","","",NA,NA,NA,NA,NA,"No",0,"M0A",35,"Machete",2.98,"Yes",NA,NA,NA,NA,NA,NA,NA,NA,NA,"09","08","2012","09/2012","09/08/2012"
"GPS/HR","9/8/12",144,"Yes","0",0,0,NA,"day",0,"gibnut","","","","","",NA,NA,NA,NA,NA,"No",58,"M58C",18,"Machete",2.98,"Yes",NA,NA,NA,NA,NA,NA,NA,NA,NA,"09","08","2012","09/2012","09/08/2012"
"GPS/HR","9/10/12",145,"Yes","0",0,0,NA,"day",0,"agouti","","","","","",NA,NA,NA,NA,NA,"No",0,"M0A",35,"Machete",0.97,"Yes",NA,NA,NA,NA,NA,NA,NA,NA,NA,"09","10","2012","09/2012","09/10/2012"
"GPS/HR","9/10/12",145,"Yes","0",0,0,NA,"day",0,"agouti","","","","","",NA,NA,NA,NA,NA,"No",32,"M32A",45,"Machete",0.97,"Yes","M32D",15,"Machete","M32E",11,"Machete","M32F",10,"Machete","09","10","2012","09/2012","09/10/2012"
"HA","9/11/12",146,"No","22.7",22.67573696,22.67573696,NA,"day",1,"peccary, deer","kitam","","","","",NA,NA,NA,NA,NA,"No",26,"M26A",59,"Machete",4.5,"Yes",NA,NA,NA,NA,NA,NA,NA,NA,NA,"09","11","2012","09/2012","09/11/2012"
"HA","9/11/12",146,"No","22.7",22.67573696,22.67573696,NA,"day",1,"peccary, deer","kitam","","","","",NA,NA,NA,NA,NA,"No",26,"M26C",20,"Shotgun",4.5,"Yes",NA,NA,NA,NA,NA,NA,NA,NA,NA,"09","11","2012","09/2012","09/11/2012"
"HA","9/11/12",146,"No","22.7",22.67573696,22.67573696,NA,"day",1,"peccary, deer","kitam","","","","",NA,NA,NA,NA,NA,"No",45,"M45A",29,"Machete",4.5,"Yes",NA,NA,NA,NA,NA,NA,NA,NA,NA,"09","11","2012","09/2012","09/11/2012"
"GPS/HR","9/13/12",147,"Yes","5.4",5.442176871,5.442176871,NA,"day",1,"armadillo","wech","","","","",NA,NA,NA,NA,NA,"No",0,"M0A",35,"Machete",3.27,"Yes",NA,NA,NA,NA,NA,NA,NA,NA,NA,"09","13","2012","09/2012","09/13/2012"
"GPS/HR","9/13/12",147,"Yes","5.4",5.442176871,5.442176871,NA,"day",1,"armadillo","wech","","","","",NA,NA,NA,NA,NA,"No",31,"M31A",23,"Machete",3.27,"Yes","M30C",11,"Machete",NA,NA,NA,NA,NA,NA,"09","13","2012","09/2012","09/13/2012"
"GPS/HR","9/15/12",148,"Yes","0",0,0,NA,"day",0,"peccary, agouti","","","","","",NA,NA,NA,NA,NA,"No",0,"M0A",35,"Machete",6.75,"Yes",NA,NA,NA,NA,NA,NA,NA,NA,NA,"09","15","2012","09/2012","09/15/2012"
"GPS/HR","9/15/12",148,"Yes","0",0,0,NA,"day",0,"peccary, agouti","","","","","",NA,NA,NA,NA,NA,"No",26,"M26C",18,"Machete",6.75,"Yes",NA,NA,NA,NA,NA,NA,NA,NA,NA,"09","15","2012","09/2012","09/15/2012"
"GPS/HR","9/15/12",148,"Yes","0",0,0,NA,"day",0,"peccary, agouti","","","","","",NA,NA,NA,NA,NA,"No",28,"M28A",23,"Shotgun",6.75,"Yes",NA,NA,NA,NA,NA,NA,NA,NA,NA,"09","15","2012","09/2012","09/15/2012"
"GPS/HR","9/15/12",148,"Yes","0",0,0,NA,"day",0,"peccary, agouti","","","","","",NA,NA,NA,NA,NA,"No",45,"M45A",28,"Machete",6.75,"Yes",NA,NA,NA,NA,NA,NA,NA,NA,NA,"09","15","2012","09/2012","09/15/2012"
"HA","9/17/12",149,"No","0",0,0,NA,"day",0,"gibnut","","","","","",NA,NA,NA,NA,NA,"No",37,"M37C",30,"Machete",7.25,"No",NA,NA,NA,NA,NA,NA,NA,NA,NA,"09","17","2012","09/2012","09/17/2012"
"HA","9/17/12",149,"No","0",0,0,NA,"day",0,"gibnut","","","","","",NA,NA,NA,NA,NA,"No",38,"M38A",40,"Machete",7.25,"No",NA,NA,NA,NA,NA,NA,NA,NA,NA,"09","17","2012","09/2012","09/17/2012"
"HA","9/19/12",151,"No","0",0,0,NA,"night",0,"gibnut","","","","","",NA,NA,NA,NA,NA,"No",37,"M37C",30,"Machete",9,"No",NA,NA,NA,NA,NA,NA,NA,NA,NA,"09","19","2012","09/2012","09/19/2012"
"HA","9/19/12",151,"No","0",0,0,NA,"night",0,"gibnut","","","","","",NA,NA,NA,NA,NA,"No",38,"M38A",40,"Shotgun",9,"No",NA,NA,NA,NA,NA,NA,NA,NA,NA,"09","19","2012","09/2012","09/19/2012"
"GPS/HR","9/20/12",152,"Yes","0",0,0,NA,"day",0,"armadillo","","","","","",NA,NA,NA,NA,NA,"No",0,"M0A",35,"Machete",3.82,"Yes",NA,NA,NA,NA,NA,NA,NA,NA,NA,"09","20","2012","09/2012","09/20/2012"
"GPS/HR","9/20/12",152,"Yes","0",0,0,NA,"day",0,"armadillo","","","","","",NA,NA,NA,NA,NA,"No",31,"M31A",23,"Machete",3.82,"Yes","M30C",11,"Machete",NA,NA,NA,NA,NA,NA,"09","20","2012","09/2012","09/20/2012"
"HA","9/22/12",153,"No","20.4",20.40816327,20.40816327,NA,"day",1,"peccary","kitam","","","","",NA,NA,NA,NA,NA,"No",26,"M26A",59,"Machete",7.5,"Yes",NA,NA,NA,NA,NA,NA,NA,NA,NA,"09","22","2012","09/2012","09/22/2012"
"HA","9/22/12",153,"No","20.4",20.40816327,20.40816327,NA,"day",1,"peccary","kitam","","","","",NA,NA,NA,NA,NA,"No",45,"M45A",29,"Shotgun",7.5,"Yes",NA,NA,NA,NA,NA,NA,NA,NA,NA,"09","22","2012","09/2012","09/22/2012"
"HA","9/22/12",153,"No","20.4",20.40816327,20.40816327,NA,"day",1,"peccary","kitam","","","","",NA,NA,NA,NA,NA,"No",5,"M5A",50,"Machete",7.5,"Yes",NA,NA,NA,NA,NA,NA,NA,NA,NA,"09","22","2012","09/2012","09/22/2012"
"GPS/HR","9/22/12",155,"Yes","10.4",10.430839,10.430839,NA,"day",2,"armadillo","wech","wech","","","",5.22,5.22,NA,NA,NA,"No",0,"M0A",35,"Machete",5.45,"Yes",NA,NA,NA,NA,NA,NA,NA,NA,NA,"09","22","2012","09/2012","09/22/2012"
"GPS/HR","9/22/12",155,"Yes","10.4",10.430839,10.430839,NA,"day",2,"armadillo","wech","wech","","","",5.22,5.22,NA,NA,NA,"No",26,"M26A",58,"Machete",5.45,"Yes",NA,NA,NA,NA,NA,NA,NA,NA,NA,"09","22","2012","09/2012","09/22/2012"
"GPS/HR","9/22/12",155,"Yes","10.4",10.430839,10.430839,NA,"day",2,"armadillo","wech","wech","","","",5.22,5.22,NA,NA,NA,"No",26,"M26C",18,"Machete",5.45,"Yes",NA,NA,NA,NA,NA,NA,NA,NA,NA,"09","22","2012","09/2012","09/22/2012"
"GPS/HR","9/22/12",155,"Yes","10.4",10.430839,10.430839,NA,"day",2,"armadillo","wech","wech","","","",5.22,5.22,NA,NA,NA,"No",28,"M28A",23,"Machete",5.45,"Yes",NA,NA,NA,NA,NA,NA,NA,NA,NA,"09","22","2012","09/2012","09/22/2012"
"GPS/HR","9/22/12",155,"Yes","10.4",10.430839,10.430839,NA,"day",2,"armadillo","wech","wech","","","",5.22,5.22,NA,NA,NA,"No",45,"M45A",28,"Shotgun",5.45,"Yes","M72C",13,"Machete",NA,NA,NA,NA,NA,NA,"09","22","2012","09/2012","09/22/2012"
"GPS/HR","9/23/12",156,"No","0",0,0,NA,"day",0,"squash","","","","","",NA,NA,NA,NA,NA,"No",45,"M45A",28,"Machete",5.05,"Yes",NA,NA,NA,NA,NA,NA,NA,NA,NA,"09","23","2012","09/2012","09/23/2012"
"HA","10/4/12",157,"No","3.6",3.628117914,3.628117914,NA,"day",1,"armadillo","wech","","","","",NA,NA,NA,NA,NA,"No",71,"M71A",60,"Machete",1,"Yes",NA,NA,NA,NA,NA,NA,NA,NA,NA,"10","04","2012","10/2012","10/04/2012"
"HA","10/4/12",157,"No","3.6",3.628117914,3.628117914,NA,"day",1,"armadillo","wech","","","","",NA,NA,NA,NA,NA,"No",73,"M73A",54,"Machete",1,"Yes",NA,NA,NA,NA,NA,NA,NA,NA,NA,"10","04","2012","10/2012","10/04/2012"
"HA","10/4/12",157,"No","3.6",3.628117914,3.628117914,NA,"day",1,"armadillo","wech","","","","",NA,NA,NA,NA,NA,"No",73,"M73C",18,"Machete",1,"Yes",NA,NA,NA,NA,NA,NA,NA,NA,NA,"10","04","2012","10/2012","10/04/2012"
"GPS/HR","10/4/12",158,"Yes","0",0,0,NA,"day",0,"deer, armadillo","","","","","",NA,NA,NA,NA,NA,"No",0,"M0A",35,"Machete",0.8,"Yes",NA,NA,NA,NA,NA,NA,NA,NA,NA,"10","04","2012","10/2012","10/04/2012"
"GPS/HR","10/4/12",158,"Yes","0",0,0,NA,"day",0,"deer, armadillo","","","","","",NA,NA,NA,NA,NA,"No",58,"M58A",54,"Machete",0.8,"Yes",NA,NA,NA,NA,NA,NA,NA,NA,NA,"10","04","2012","10/2012","10/04/2012"
"GPS/HR","10/6/12",159,"Yes","0",0,0,NA,"day",0,"agouti, kitam","","","","","",NA,NA,NA,NA,NA,"No",0,"M0A",35,"Machete",5.27,"Yes",NA,NA,NA,NA,NA,NA,NA,NA,NA,"10","06","2012","10/2012","10/06/2012"
"GPS/HR","10/6/12",159,"Yes","0",0,0,NA,"day",0,"agouti, kitam","","","","","",NA,NA,NA,NA,NA,"No",57,"M57A",27,"Machete",5.27,"Yes",NA,NA,NA,NA,NA,NA,NA,NA,NA,"10","06","2012","10/2012","10/06/2012"
"GPS/HR","10/6/12",159,"Yes","0",0,0,NA,"day",0,"agouti, kitam","","","","","",NA,NA,NA,NA,NA,"No",58,"M58A",54,"Machete",5.27,"Yes",NA,NA,NA,NA,NA,NA,NA,NA,NA,"10","06","2012","10/2012","10/06/2012"
"GPS/HR","10/6/12",159,"Yes","0",0,0,NA,"day",0,"agouti, kitam","","","","","",NA,NA,NA,NA,NA,"No",58,"M58C",18,"Machete",5.27,"Yes",NA,NA,NA,NA,NA,NA,NA,NA,NA,"10","06","2012","10/2012","10/06/2012"
"GPS/HR","10/7/12",160,"Yes","0",0,0,NA,"day",0,"agouti","","","","","",NA,NA,NA,NA,NA,"No",0,"M0A",35,"Machete",6.62,"Yes",NA,NA,NA,NA,NA,NA,NA,NA,NA,"10","07","2012","10/2012","10/07/2012"
"GPS/HR","10/7/12",160,"Yes","0",0,0,NA,"day",0,"agouti","","","","","",NA,NA,NA,NA,NA,"No",32,"M32A",45,"Machete",6.62,"Yes","M32D",15,"Machete","M32E",11,"Machete","M32F",10,"Machete","10","07","2012","10/2012","10/07/2012"
"GPS/HR","10/8/12",161,"Yes","0",0,0,NA,"day",0,"armadillo","","","","","",NA,NA,NA,NA,NA,"No",0,"M0A",35,"Machete",3.17,"Yes",NA,NA,NA,NA,NA,NA,NA,NA,NA,"10","08","2012","10/2012","10/08/2012"
"GPS/HR","10/8/12",161,"Yes","0",0,0,NA,"day",0,"armadillo","","","","","",NA,NA,NA,NA,NA,"No",73,"M73C",18,"Machete",3.17,"Yes",NA,NA,NA,NA,NA,NA,NA,NA,NA,"10","08","2012","10/2012","10/08/2012"
"GPS/HR","10/8/12",162,"No","2.7",2.721088435,2.721088435,NA,"day",1,"iguana","garuba","","","","",NA,NA,NA,NA,NA,"No",58,"M58A",54,"Machete",5.88,"Yes",NA,NA,NA,NA,NA,NA,NA,NA,NA,"10","08","2012","10/2012","10/08/2012"
"GPS/HR","10/8/12",162,"No","2.7",2.721088435,2.721088435,NA,"day",1,"iguana","garuba","","","","",NA,NA,NA,NA,NA,"No",58,"M58C",18,"Machete",5.88,"Yes",NA,NA,NA,NA,NA,NA,NA,NA,NA,"10","08","2012","10/2012","10/08/2012"
"GPS/HR","10/19/12",163,"Yes","9.1",9.070294785,9.070294785,NA,"night",1,"gibnut","halee","","","","",NA,NA,NA,NA,NA,"No",0,"M0A",35,"Machete",10.5,"No",NA,NA,NA,NA,NA,NA,NA,NA,NA,"10","19","2012","10/2012","10/19/2012"
"GPS/HR","10/19/12",163,"Yes","9.1",9.070294785,9.070294785,NA,"night",1,"gibnut","halee","","","","",NA,NA,NA,NA,NA,"No",26,"M26C",18,"Machete",10.5,"No",NA,NA,NA,NA,NA,NA,NA,NA,NA,"10","19","2012","10/2012","10/19/2012"
"GPS/HR","10/19/12",163,"Yes","9.1",9.070294785,9.070294785,NA,"night",1,"gibnut","halee","","","","",NA,NA,NA,NA,NA,"No",27,"M27A",25,"Machete",10.5,"No",NA,NA,NA,NA,NA,NA,NA,NA,NA,"10","19","2012","10/2012","10/19/2012"
"GPS/HR","10/19/12",163,"Yes","9.1",9.070294785,9.070294785,NA,"night",1,"gibnut","halee","","","","",NA,NA,NA,NA,NA,"No",45,"M45A",28,"Shotgun",10.5,"No",NA,NA,NA,NA,NA,NA,NA,NA,NA,"10","19","2012","10/2012","10/19/2012"
"GPS/HR","10/31/12",164,"Yes","0",0,0,NA,"night",0,"gibnut, deer","","","","","",NA,NA,NA,NA,NA,"No",0,"M0A",35,"Machete",3.88,"No",NA,NA,NA,NA,NA,NA,NA,NA,NA,"10","31","2012","10/2012","10/31/2012"
"GPS/HR","10/31/12",164,"Yes","0",0,0,NA,"night",0,"gibnut, deer","","","","","",NA,NA,NA,NA,NA,"No",45,"M45A",28,"Shotgun",3.88,"No",NA,NA,NA,NA,NA,NA,NA,NA,NA,"10","31","2012","10/2012","10/31/2012"
"GPS/HR","11/4/12",166,"Yes","0",0,0,NA,"day",0,"gibnut","","","","","",NA,NA,NA,NA,NA,"No",0,"M0A",35,"Machete",6.05,"Yes",NA,NA,NA,NA,NA,NA,NA,NA,NA,"11","04","2012","11/2012","11/04/2012"
"GPS/HR","11/4/12",166,"Yes","0",0,0,NA,"day",0,"gibnut","","","","","",NA,NA,NA,NA,NA,"No",26,"M26A",58,"Machete",6.05,"Yes",NA,NA,NA,NA,NA,NA,NA,NA,NA,"11","04","2012","11/2012","11/04/2012"
"GPS/HR","11/4/12",166,"Yes","0",0,0,NA,"day",0,"gibnut","","","","","",NA,NA,NA,NA,NA,"No",26,"M26C",18,"Machete",6.05,"Yes",NA,NA,NA,NA,NA,NA,NA,NA,NA,"11","04","2012","11/2012","11/04/2012"
"GPS/HR","11/4/12",166,"Yes","0",0,0,NA,"day",0,"gibnut","","","","","",NA,NA,NA,NA,NA,"No",28,"M28A",23,"Machete",6.05,"Yes",NA,NA,NA,NA,NA,NA,NA,NA,NA,"11","04","2012","11/2012","11/04/2012"
"HA","11/10/12",167,"No","13.6",13.60544218,13.60544218,NA,"day",1,"gibnut","halee","","","","",NA,NA,NA,NA,NA,"No",57,"M57A",27,"Machete",3,"Yes",NA,NA,NA,NA,NA,NA,NA,NA,NA,"11","10","2012","11/2012","11/10/2012"
"HA","11/10/12",167,"No","13.6",13.60544218,13.60544218,NA,"day",1,"gibnut","halee","","","","",NA,NA,NA,NA,NA,"No",58,"M58A",54,"Machete",3,"Yes",NA,NA,NA,NA,NA,NA,NA,NA,NA,"11","10","2012","11/2012","11/10/2012"
"HA","11/10/12",167,"No","13.6",13.60544218,13.60544218,NA,"day",1,"gibnut","halee","","","","",NA,NA,NA,NA,NA,"No",58,"M58C",18,"Machete",3,"Yes",NA,NA,NA,NA,NA,NA,NA,NA,NA,"11","10","2012","11/2012","11/10/2012"
"HA","11/12/12",168,"No","22.7",22.67573696,22.67573696,NA,"day",1,"gibnut","halee","","","","",NA,NA,NA,NA,NA,"No",32,"M32A",45,"Machete",10,"Yes","M32D",15,"Machete","M32E",11,"Machete","M32F",10,"Machete","11","12","2012","11/2012","11/12/2012"
"HA","11/18/12",169,"No","15.9",15.87301587,15.87301587,NA,"day",1,"gibnut","halee","","","","",NA,NA,NA,NA,NA,"No",57,"M57A",27,"Machete",2,"Yes",NA,NA,NA,NA,NA,NA,NA,NA,NA,"11","18","2012","11/2012","11/18/2012"
"HA","11/18/12",169,"No","15.9",15.87301587,15.87301587,NA,"day",1,"gibnut","halee","","","","",NA,NA,NA,NA,NA,"No",58,"M58",50,"Machete",2,"Yes",NA,NA,NA,NA,NA,NA,NA,NA,NA,"11","18","2012","11/2012","11/18/2012"
"HA","11/18/12",169,"No","15.9",15.87301587,15.87301587,NA,"day",1,"gibnut","halee","","","","",NA,NA,NA,NA,NA,"No",58,"M58A",54,"Machete",2,"Yes",NA,NA,NA,NA,NA,NA,NA,NA,NA,"11","18","2012","11/2012","11/18/2012"
"HA","11/28/12",172,"No","22.7",22.67573696,22.67573696,NA,"day",2,"armadillo, gibnut","wech","halee","","","",9.1,13.6,NA,NA,NA,"No",49,"M49C",20,"Machete",5,"Yes",NA,NA,NA,NA,NA,NA,NA,NA,NA,"11","28","2012","11/2012","11/28/2012"
"HA","11/29/12",173,"No","15.9",15.87301587,15.87301587,NA,"day",1,"peccary","kitam","","","","",NA,NA,NA,NA,NA,"No",45,"M45A",29,"Machete",6.3,"Yes",NA,NA,NA,NA,NA,NA,NA,NA,NA,"11","29","2012","11/2012","11/29/2012"
"HA","11/29/12",173,"No","15.9",15.87301587,15.87301587,NA,"day",1,"peccary","kitam","","","","",NA,NA,NA,NA,NA,"No",49,"M49C",20,"Machete",6.3,"Yes",NA,NA,NA,NA,NA,NA,NA,NA,NA,"11","29","2012","11/2012","11/29/2012"
"GPS/HR","11/30/12",174,"Yes","0",0,0,NA,"day",0,"peccary","","","","","",NA,NA,NA,NA,NA,"No",0,"M0A",35,"Machete",6.45,"Yes",NA,NA,NA,NA,NA,NA,NA,NA,NA,"11","30","2012","11/2012","11/30/2012"
"GPS/HR","11/30/12",174,"Yes","0",0,0,NA,"day",0,"peccary","","","","","",NA,NA,NA,NA,NA,"No",26,"M26C",18,"Machete",6.45,"Yes",NA,NA,NA,NA,NA,NA,NA,NA,NA,"11","30","2012","11/2012","11/30/2012"
"GPS/HR","11/30/12",174,"Yes","0",0,0,NA,"day",0,"peccary","","","","","",NA,NA,NA,NA,NA,"No",45,"M45A",28,"Machete",6.45,"Yes",NA,NA,NA,NA,NA,NA,NA,NA,NA,"11","30","2012","11/2012","11/30/2012"
"GPS/HR","11/30/12",174,"Yes","0",0,0,NA,"day",0,"peccary","","","","","",NA,NA,NA,NA,NA,"No",49,"M49C",20,"Machete",6.45,"Yes",NA,NA,NA,NA,NA,NA,NA,NA,NA,"11","30","2012","11/2012","11/30/2012"
"HA","12/1/12",175,"No","22.7",22.67573696,22.67573696,NA,"day",1,"gibnut","halee","","","","",NA,NA,NA,NA,NA,"No",58,"M58A",54,"Machete",4,"Yes",NA,NA,NA,NA,NA,NA,NA,NA,NA,"12","01","2012","12/2012","12/01/2012"
"HA","12/1/12",175,"No","22.7",22.67573696,22.67573696,NA,"day",1,"gibnut","halee","","","","",NA,NA,NA,NA,NA,"No",58,"M58C",18,"Machete",4,"Yes",NA,NA,NA,NA,NA,NA,NA,NA,NA,"12","01","2012","12/2012","12/01/2012"
"HA","12/2/12",176,"No","13.6",13.60544218,13.60544218,NA,"day",1,"peccary","kitam","","","","",NA,NA,NA,NA,NA,"No",26,"M26A",59,"Machete",4,"Yes",NA,NA,NA,NA,NA,NA,NA,NA,NA,"12","02","2012","12/2012","12/02/2012"
"HA","12/2/12",176,"No","13.6",13.60544218,13.60544218,NA,"day",1,"peccary","kitam","","","","",NA,NA,NA,NA,NA,"No",28,"M28A",23,"Machete",4,"Yes",NA,NA,NA,NA,NA,NA,NA,NA,NA,"12","02","2012","12/2012","12/02/2012"
"HA","12/2/12",176,"No","13.6",13.60544218,13.60544218,NA,"day",1,"peccary","kitam","","","","",NA,NA,NA,NA,NA,"No",5,"M5A",50,"Machete",4,"Yes",NA,NA,NA,NA,NA,NA,NA,NA,NA,"12","02","2012","12/2012","12/02/2012"
"HA","12/2/12",176,"No","13.6",13.60544218,13.60544218,NA,"day",1,"peccary","kitam","","","","",NA,NA,NA,NA,NA,"No",5,"M5C",20,"Shotgun",4,"Yes",NA,NA,NA,NA,NA,NA,NA,NA,NA,"12","02","2012","12/2012","12/02/2012"
"HA","12/2/12",176,"No","13.6",13.60544218,13.60544218,NA,"day",1,"peccary","kitam","","","","",NA,NA,NA,NA,NA,"No",5,"M5D",16,"Machete",4,"Yes",NA,NA,NA,NA,NA,NA,NA,NA,NA,"12","02","2012","12/2012","12/02/2012"
"HA","12/2/12",176,"No","13.6",13.60544218,13.60544218,NA,"day",1,"peccary","kitam","","","","",NA,NA,NA,NA,NA,"No",6,"M6A",30,"Machete",4,"Yes",NA,NA,NA,NA,NA,NA,NA,NA,NA,"12","02","2012","12/2012","12/02/2012"
"HA","12/3/12",177,"No","0",0,0,NA,"night",0,"peccary","","","","","",NA,NA,NA,NA,NA,"No",28,"M28A",23,"Shotgun",1.5,"No",NA,NA,NA,NA,NA,NA,NA,NA,NA,"12","03","2012","12/2012","12/03/2012"
"GPS/HR","12/6/12",178,"Yes","0",0,0,NA,"day",0,"gibnut","","","","","",NA,NA,NA,NA,NA,"No",0,"M0A",35,"Machete",5.08,"Yes",NA,NA,NA,NA,NA,NA,NA,NA,NA,"12","06","2012","12/2012","12/06/2012"
"GPS/HR","12/6/12",178,"Yes","0",0,0,NA,"day",0,"gibnut","","","","","",NA,NA,NA,NA,NA,"No",71,"M71A",60,"Machete",5.08,"Yes",NA,NA,NA,NA,NA,NA,NA,NA,NA,"12","06","2012","12/2012","12/06/2012"
"GPS/HR","12/6/12",178,"Yes","0",0,0,NA,"day",0,"gibnut","","","","","",NA,NA,NA,NA,NA,"No",73,"M73C",18,"Machete",5.08,"Yes",NA,NA,NA,NA,NA,NA,NA,NA,NA,"12","06","2012","12/2012","12/06/2012"
"HA","12/7/12",179,"No","22.7",22.67573696,22.67573696,NA,"day",1,"peccary","kitam","","","","",NA,NA,NA,NA,NA,"No",26,"M26C",20,"Machete",5,"Yes",NA,NA,NA,NA,NA,NA,NA,NA,NA,"12","07","2012","12/2012","12/07/2012"
"HA","12/7/12",179,"No","22.7",22.67573696,22.67573696,NA,"day",1,"peccary","kitam","","","","",NA,NA,NA,NA,NA,"No",45,"M45A",29,"Shotgun",5,"Yes",NA,NA,NA,NA,NA,NA,NA,NA,NA,"12","07","2012","12/2012","12/07/2012"
"HA","12/7/12",179,"No","22.7",22.67573696,22.67573696,NA,"day",1,"peccary","kitam","","","","",NA,NA,NA,NA,NA,"No",5,"M5A",50,"Machete",5,"Yes",NA,NA,NA,NA,NA,NA,NA,NA,NA,"12","07","2012","12/2012","12/07/2012"
"HA","12/7/12",179,"No","22.7",22.67573696,22.67573696,NA,"day",1,"peccary","kitam","","","","",NA,NA,NA,NA,NA,"No",5,"M5C",16,"Machete",5,"Yes",NA,NA,NA,NA,NA,NA,NA,NA,NA,"12","07","2012","12/2012","12/07/2012"
"HA","12/7/12",179,"No","22.7",22.67573696,22.67573696,NA,"day",1,"peccary","kitam","","","","",NA,NA,NA,NA,NA,"No",5,"M5D",20,"Machete",5,"Yes",NA,NA,NA,NA,NA,NA,NA,NA,NA,"12","07","2012","12/2012","12/07/2012"
"HA","12/7/12",179,"No","22.7",22.67573696,22.67573696,NA,"day",1,"peccary","kitam","","","","",NA,NA,NA,NA,NA,"No",6,"M6A",30,"Machete",5,"Yes",NA,NA,NA,NA,NA,NA,NA,NA,NA,"12","07","2012","12/2012","12/07/2012"
"GPS/HR","12/8/12",180,"Yes","0",0,6.349206349,NA,"day",0,"armadillo","","","","","",NA,NA,NA,NA,NA,"No",0,"M0A",35,"Machete",6.78,"Yes",NA,NA,NA,NA,NA,NA,NA,NA,NA,"12","08","2012","12/2012","12/08/2012"
"GPS/HR","12/8/12",180,"Yes","0",0,6.349206349,NA,"day",0,"armadillo","","","","","",NA,NA,NA,NA,NA,"No",26,"M26A",58,"Machete",6.78,"Yes",NA,NA,NA,NA,NA,NA,NA,NA,NA,"12","08","2012","12/2012","12/08/2012"
"GPS/HR","12/8/12",180,"Yes","0",0,6.349206349,NA,"day",0,"armadillo","","","","","",NA,NA,NA,NA,NA,"No",26,"M26C",18,"Machete",6.78,"Yes",NA,NA,NA,NA,NA,NA,NA,NA,NA,"12","08","2012","12/2012","12/08/2012"
"GPS/HR","12/8/12",180,"Yes","0",0,6.349206349,NA,"day",0,"armadillo","","","","","",NA,NA,NA,NA,NA,"No",27,"M27A",25,"Shotgun",6.78,"Yes",NA,NA,NA,NA,NA,NA,NA,NA,NA,"12","08","2012","12/2012","12/08/2012"
"GPS/HR","12/8/12",180,"Yes","0",0,6.349206349,NA,"day",0,"armadillo","","","","","",NA,NA,NA,NA,NA,"No",28,"M28A",23,"Machete",6.78,"Yes",NA,NA,NA,NA,NA,NA,NA,NA,NA,"12","08","2012","12/2012","12/08/2012"
"GPS/HR","12/8/12",180,"Yes","6.3",6.349206349,6.349206349,NA,"day",1,"armadillo","wech","","","","",NA,NA,NA,NA,NA,"No",36,"M36A",20,"Machete",6.78,"Yes",NA,NA,NA,NA,NA,NA,NA,NA,NA,"12","08","2012","12/2012","12/08/2012"
"GPS/HR","12/8/12",180,"Yes","6.3",6.349206349,6.349206349,NA,"day",1,"armadillo","wech","","","","",NA,NA,NA,NA,NA,"No",45,"M45A",28,"Machete",6.78,"Yes",NA,NA,NA,NA,NA,NA,NA,NA,NA,"12","08","2012","12/2012","12/08/2012"
"GPS/HR","12/8/12",180,"Yes","0",0,6.349206349,NA,"day",0,"armadillo","","","","","",NA,NA,NA,NA,NA,"No",5,"M5A",50,"Machete",6.78,"Yes",NA,NA,NA,NA,NA,NA,NA,NA,NA,"12","08","2012","12/2012","12/08/2012"
"HA","12/9/12",181,"No","29.5",29.47845805,29.47845805,NA,"night",1,"deer","keeh","","","","",NA,NA,NA,NA,NA,"No",28,"M28A",23,"Machete",3.5,"No",NA,NA,NA,NA,NA,NA,NA,NA,NA,"12","09","2012","12/2012","12/09/2012"
"HA","12/9/12",181,"No","29.5",29.47845805,29.47845805,NA,"night",1,"deer","keeh","","","","",NA,NA,NA,NA,NA,"No",45,"M45A",29,"Shotgun",3.5,"No",NA,NA,NA,NA,NA,NA,NA,NA,NA,"12","09","2012","12/2012","12/09/2012"
"HA","12/10/12",182,"No","5.4",5.442176871,5.442176871,NA,"day",1,"armadillo","wech","","","","",NA,NA,NA,NA,NA,"No",71,"M71A",60,"Machete",7.3,"Yes",NA,NA,NA,NA,NA,NA,NA,NA,NA,"12","10","2012","12/2012","12/10/2012"
"HA","12/10/12",182,"No","5.4",5.442176871,5.442176871,NA,"day",1,"armadillo","wech","","","","",NA,NA,NA,NA,NA,"No",73,"M73A",54,"Machete",7.3,"Yes",NA,NA,NA,NA,NA,NA,NA,NA,NA,"12","10","2012","12/2012","12/10/2012"
"HA","12/10/12",182,"No","5.4",5.442176871,5.442176871,NA,"day",1,"armadillo","wech","","","","",NA,NA,NA,NA,NA,"No",73,"M73C",18,"Machete",7.3,"Yes",NA,NA,NA,NA,NA,NA,NA,NA,NA,"12","10","2012","12/2012","12/10/2012"
"HA","12/12/12",183,"No","15.9",15.87301587,15.87301587,NA,"day",1,"peccary","kitam","","","","",NA,NA,NA,NA,NA,"No",45,"M45A",29,"Machete",4.5,"Yes",NA,NA,NA,NA,NA,NA,NA,NA,NA,"12","12","2012","12/2012","12/12/2012"
"HA","12/12/12",183,"No","15.9",15.87301587,15.87301587,NA,"day",1,"peccary","kitam","","","","",NA,NA,NA,NA,NA,"No",49,"M49C",20,"Machete",4.5,"Yes",NA,NA,NA,NA,NA,NA,NA,NA,NA,"12","12","2012","12/2012","12/12/2012"
"HA","12/12/12",184,"No","31.7",31.74603175,31.74603175,NA,"day",1,"peccary","kitam","","","","",NA,NA,NA,NA,NA,"No",5,"M5A",50,"Shotgun",4,"Yes",NA,NA,NA,NA,NA,NA,NA,NA,NA,"12","12","2012","12/2012","12/12/2012"
"HA","12/12/12",184,"No","31.7",31.74603175,31.74603175,NA,"day",1,"peccary","kitam","","","","",NA,NA,NA,NA,NA,"No",5,"M5C",20,"Machete",4,"Yes",NA,NA,NA,NA,NA,NA,NA,NA,NA,"12","12","2012","12/2012","12/12/2012"
"HA","12/12/12",184,"No","31.7",31.74603175,31.74603175,NA,"day",1,"peccary","kitam","","","","",NA,NA,NA,NA,NA,"No",5,"M5D",16,"Machete",4,"Yes",NA,NA,NA,NA,NA,NA,NA,NA,NA,"12","12","2012","12/2012","12/12/2012"
"HA","12/12/12",184,"No","31.7",31.74603175,31.74603175,NA,"day",1,"peccary","kitam","","","","",NA,NA,NA,NA,NA,"No",6,"M6A",30,"Machete",4,"Yes",NA,NA,NA,NA,NA,NA,NA,NA,NA,"12","12","2012","12/2012","12/12/2012"
"GPS/HR","12/12/12",185,"Yes","0",0,0,NA,"day",0,"game","","","","","",NA,NA,NA,NA,NA,"No",0,"M0A",35,"Machete",5.2,"Yes",NA,NA,NA,NA,NA,NA,NA,NA,NA,"12","12","2012","12/2012","12/12/2012"
"GPS/HR","12/12/12",185,"Yes","0",0,0,NA,"day",0,"game","","","","","",NA,NA,NA,NA,NA,"No",69,"M69A",29,"Machete",5.2,"Yes",NA,NA,NA,NA,NA,NA,NA,NA,NA,"12","12","2012","12/2012","12/12/2012"
"GPS/HR","12/12/12",185,"Yes","0",0,0,NA,"day",0,"game","","","","","",NA,NA,NA,NA,NA,"No",70,"M70A",60,"Shotgun",5.2,"Yes",NA,NA,NA,NA,NA,NA,NA,NA,NA,"12","12","2012","12/2012","12/12/2012"
"GPS/HR","12/12/12",185,"Yes","0",0,0,NA,"day",0,"game","","","","","",NA,NA,NA,NA,NA,"No",71,"M71A",60,"Machete",5.2,"Yes",NA,NA,NA,NA,NA,NA,NA,NA,NA,"12","12","2012","12/2012","12/12/2012"
"HA","12/13/12",186,"No","4.3",4.308390023,4.308390023,NA,"day",1,"gibnut","halee","","","","",NA,NA,NA,NA,NA,"No",49,"M49C",20,"Machete",NA,"Yes",NA,NA,NA,NA,NA,NA,NA,NA,NA,"12","13","2012","12/2012","12/13/2012"
"HA","12/14/12",187,"No","5.4",5.442176871,5.442176871,NA,"day",1,"armadillo, agouti","wech","","","","",NA,NA,NA,NA,NA,"No",26,"M26A",59,"Machete",7,"Yes",NA,NA,NA,NA,NA,NA,NA,NA,NA,"12","14","2012","12/2012","12/14/2012"
"HA","12/14/12",187,"No","5.4",5.442176871,5.442176871,NA,"day",1,"armadillo, agouti","wech","","","","",NA,NA,NA,NA,NA,"No",28,"M28A",23,"Machete",7,"Yes",NA,NA,NA,NA,NA,NA,NA,NA,NA,"12","14","2012","12/2012","12/14/2012"
"HA","12/15/12",188,"No","5.4",5.442176871,5.442176871,NA,"day",1,"gibnut","halee","","","","",NA,NA,NA,NA,NA,"No",65,"M65A",50,"Shotgun",4.5,"Yes","M65E",14,"Machete",NA,NA,NA,NA,NA,NA,"12","15","2012","12/2012","12/15/2012"
"HA","12/15/12",188,"No","5.4",5.442176871,5.442176871,NA,"day",1,"gibnut","halee","","","","",NA,NA,NA,NA,NA,"No",65,"M65C",25,"Machete",4.5,"Yes",NA,NA,NA,NA,NA,NA,NA,NA,NA,"12","15","2012","12/2012","12/15/2012"
"HA","12/15/12",189,"No","0",0,0,NA,"day",0,"peccary","","","","","",NA,NA,NA,NA,NA,"No",49,"M49C",20,"Machete",2.5,"Yes",NA,NA,NA,NA,NA,NA,NA,NA,NA,"12","15","2012","12/2012","12/15/2012"
"GPS/HR","12/15/12",190,"Yes","0",0,0,NA,"day",0,"peccary","","","","","",NA,NA,NA,NA,NA,"No",0,"M0A",35,"Machete",4.98,"Yes",NA,NA,NA,NA,NA,NA,NA,NA,NA,"12","15","2012","12/2012","12/15/2012"
"GPS/HR","12/15/12",190,"Yes","0",0,0,NA,"day",0,"peccary","","","","","",NA,NA,NA,NA,NA,"No",65,"M65A",50,"Shotgun",4.98,"Yes","M65D",16,"Machete","M65E",14,"Machete","M65I",10,"Machete","12","15","2012","12/2012","12/15/2012"
"GPS/HR","12/15/12",190,"Yes","0",0,0,NA,"day",0,"peccary","","","","","",NA,NA,NA,NA,NA,"No",65,"M65C",25,"Machete",4.98,"Yes",NA,NA,NA,NA,NA,NA,NA,NA,NA,"12","15","2012","12/2012","12/15/2012"
"HA","12/16/12",191,"No","11.3",11.33786848,11.33786848,NA,"day",1,"peccary","kitam","","","","",NA,NA,NA,NA,NA,"No",45,"M45A",29,"Machete",7,"Yes",NA,NA,NA,NA,NA,NA,NA,NA,NA,"12","16","2012","12/2012","12/16/2012"
"HA","12/16/12",191,"No","11.3",11.33786848,11.33786848,NA,"day",1,"peccary","kitam","","","","",NA,NA,NA,NA,NA,"No",49,"M49C",20,"Machete",7,"Yes",NA,NA,NA,NA,NA,NA,NA,NA,NA,"12","16","2012","12/2012","12/16/2012"
"GPS/HR","12/16/12",192,"Yes","0",0,0,NA,"day",0,"peccary","","","","","",NA,NA,NA,NA,NA,"No",0,"M0A",35,"Machete",3.02,"Yes",NA,NA,NA,NA,NA,NA,NA,NA,NA,"12","16","2012","12/2012","12/16/2012"
"GPS/HR","12/16/12",192,"Yes","0",0,0,NA,"day",0,"peccary","","","","","",NA,NA,NA,NA,NA,"No",26,"M26A",58,"Machete",3.02,"Yes",NA,NA,NA,NA,NA,NA,NA,NA,NA,"12","16","2012","12/2012","12/16/2012"
"GPS/HR","12/16/12",192,"Yes","0",0,0,NA,"day",0,"peccary","","","","","",NA,NA,NA,NA,NA,"No",28,"M28A",23,"Machete",3.02,"Yes",NA,NA,NA,NA,NA,NA,NA,NA,NA,"12","16","2012","12/2012","12/16/2012"
"GPS/HR","12/17/12",193,"Yes","0",0,0,NA,"day",0,"gibnut","","","","","",NA,NA,NA,NA,NA,"No",0,"M0A",35,"Machete",5.12,"Yes",NA,NA,NA,NA,NA,NA,NA,NA,NA,"12","17","2012","12/2012","12/17/2012"
"GPS/HR","12/17/12",193,"Yes","0",0,0,NA,"day",0,"gibnut","","","","","",NA,NA,NA,NA,NA,"No",28,"M28A",23,"Machete",5.12,"Yes","M41C",16,"Machete",NA,NA,NA,NA,NA,NA,"12","17","2012","12/2012","12/17/2012"
"HA","12/19/12",194,"No","13.2",13.15192744,13.15192744,NA,"day",1,"peccary","kitam","","","","",NA,NA,NA,NA,NA,"No",5,"M5A",50,"Shotgun",6.25,"Yes",NA,NA,NA,NA,NA,NA,NA,NA,NA,"12","19","2012","12/2012","12/19/2012"
"HA","12/19/12",194,"No","13.2",13.15192744,13.15192744,NA,"day",1,"peccary","kitam","","","","",NA,NA,NA,NA,NA,"No",5,"M5C",20,"Machete",6.25,"Yes",NA,NA,NA,NA,NA,NA,NA,NA,NA,"12","19","2012","12/2012","12/19/2012"
"HA","12/19/12",194,"No","13.2",13.15192744,13.15192744,NA,"day",1,"peccary","kitam","","","","",NA,NA,NA,NA,NA,"No",5,"M5D",16,"Machete",6.25,"Yes",NA,NA,NA,NA,NA,NA,NA,NA,NA,"12","19","2012","12/2012","12/19/2012"
"HA","12/19/12",194,"No","13.2",13.15192744,13.15192744,NA,"day",1,"peccary","kitam","","","","",NA,NA,NA,NA,NA,"No",6,"M6A",30,"Machete",6.25,"Yes",NA,NA,NA,NA,NA,NA,NA,NA,NA,"12","19","2012","12/2012","12/19/2012"
"GPS/HR","12/20/12",195,"Yes","24.5",24.48979592,24.48979592,NA,"day",2,"peccary (38 lbs), armadillo (16 lbs)","kitam","wech","","","",17.2,7.3,NA,NA,NA,"No",0,"M0A",35,"Machete",6.93,"Yes",NA,NA,NA,NA,NA,NA,NA,NA,NA,"12","20","2012","12/2012","12/20/2012"
"GPS/HR","12/20/12",195,"Yes","24.5",24.48979592,24.48979592,NA,"day",2,"peccary (38 lbs), armadillo (16 lbs)","kitam","wech","","","",17.2,7.3,NA,NA,NA,"No",36,"M36A",20,"Machete",6.93,"Yes",NA,NA,NA,NA,NA,NA,NA,NA,NA,"12","20","2012","12/2012","12/20/2012"
"GPS/HR","12/20/12",195,"Yes","24.5",24.48979592,24.48979592,NA,"day",2,"peccary (38 lbs), armadillo (16 lbs)","kitam","wech","","","",17.2,7.3,NA,NA,NA,"No",5,"M5A",50,"Shotgun",6.93,"Yes","M5",14,"Machete",NA,NA,NA,NA,NA,NA,"12","20","2012","12/2012","12/20/2012"
"GPS/HR","12/20/12",195,"Yes","24.5",24.48979592,24.48979592,NA,"day",2,"peccary (38 lbs), armadillo (16 lbs)","kitam","wech","","","",17.2,7.3,NA,NA,NA,"No",5,"M5C",20,"Machete",6.93,"Yes",NA,NA,NA,NA,NA,NA,NA,NA,NA,"12","20","2012","12/2012","12/20/2012"
"GPS/HR","12/20/12",195,"Yes","24.5",24.48979592,24.48979592,NA,"day",2,"peccary (38 lbs), armadillo (16 lbs)","kitam","wech","","","",17.2,7.3,NA,NA,NA,"No",5,"M5D",16,"Machete",6.93,"Yes",NA,NA,NA,NA,NA,NA,NA,NA,NA,"12","20","2012","12/2012","12/20/2012"
"GPS/HR","12/20/12",195,"Yes","24.5",24.48979592,24.48979592,NA,"day",2,"peccary (38 lbs), armadillo (16 lbs)","kitam","wech","","","",17.2,7.3,NA,NA,NA,"No",6,"M6A",30,"Machete",6.93,"Yes",NA,NA,NA,NA,NA,NA,NA,NA,NA,"12","20","2012","12/2012","12/20/2012"
"HA","12/22/12",196,"No","0",0,0,NA,"day",0,"peccary","","","","","",NA,NA,NA,NA,NA,"No",32,"M32A",45,"Machete",NA,"Yes","M32D",15,"Machete","M32E",11,"Machete","M32F",10,"Machete","12","22","2012","12/2012","12/22/2012"
"GPS/HR","12/23/12",197,"Yes","45.4",45.35147392,45.35147392,NA,"day",1,"white-lipped peccary","ek en che","","","","",NA,NA,NA,NA,NA,"No",0,"M0A",35,"Machete",7.83,"No",NA,NA,NA,NA,NA,NA,NA,NA,NA,"12","23","2012","12/2012","12/23/2012"
"GPS/HR","12/23/12",197,"Yes","45.4",45.35147392,45.35147392,NA,"day",1,"white-lipped peccary","ek en che","","","","",NA,NA,NA,NA,NA,"No",26,"M26",55,"Machete",7.83,"No",NA,NA,NA,NA,NA,NA,NA,NA,NA,"12","23","2012","12/2012","12/23/2012"
"GPS/HR","12/23/12",197,"Yes","45.4",45.35147392,45.35147392,NA,"day",1,"white-lipped peccary","ek en che","","","","",NA,NA,NA,NA,NA,"No",26,"M26A",58,"Machete",7.83,"No",NA,NA,NA,NA,NA,NA,NA,NA,NA,"12","23","2012","12/2012","12/23/2012"
"GPS/HR","12/23/12",197,"Yes","45.4",45.35147392,45.35147392,NA,"day",1,"white-lipped peccary","ek en che","","","","",NA,NA,NA,NA,NA,"No",26,"M26C",18,"Machete",7.83,"No",NA,NA,NA,NA,NA,NA,NA,NA,NA,"12","23","2012","12/2012","12/23/2012"
"GPS/HR","12/23/12",197,"Yes","45.4",45.35147392,45.35147392,NA,"day",1,"white-lipped peccary","ek en che","","","","",NA,NA,NA,NA,NA,"No",27,"M27A",25,"Machete",7.83,"No",NA,NA,NA,NA,NA,NA,NA,NA,NA,"12","23","2012","12/2012","12/23/2012"
"GPS/HR","12/23/12",197,"Yes","45.4",45.35147392,45.35147392,NA,"day",1,"white-lipped peccary","ek en che","","","","",NA,NA,NA,NA,NA,"No",28,"M28A",23,"Machete",7.83,"No",NA,NA,NA,NA,NA,NA,NA,NA,NA,"12","23","2012","12/2012","12/23/2012"
"GPS/HR","12/23/12",197,"Yes","45.4",45.35147392,45.35147392,NA,"day",1,"white-lipped peccary","ek en che","","","","",NA,NA,NA,NA,NA,"No",45,"M45A",28,"Shotgun",7.83,"No",NA,NA,NA,NA,NA,NA,NA,NA,NA,"12","23","2012","12/2012","12/23/2012"
"HA","12/24/12",198,"No","20.4",20.40816327,20.40816327,NA,"day",1,"peccary","kitam","","","","",NA,NA,NA,NA,NA,"No",45,"M45A",29,"Machete",3,"Yes",NA,NA,NA,NA,NA,NA,NA,NA,NA,"12","24","2012","12/2012","12/24/2012"
"HA","12/26/12",199,"No","18.1",18.14058957,18.14058957,NA,"day",1,"peccary","kitam","","","","",NA,NA,NA,NA,NA,"No",37,"M37C",30,"Machete",5,"Yes",NA,NA,NA,NA,NA,NA,NA,NA,NA,"12","26","2012","12/2012","12/26/2012"
"HA","12/26/12",199,"No","18.1",18.14058957,18.14058957,NA,"day",1,"peccary","kitam","","","","",NA,NA,NA,NA,NA,"No",38,"M38A",40,"Machete",5,"Yes",NA,NA,NA,NA,NA,NA,NA,NA,NA,"12","26","2012","12/2012","12/26/2012"
"HA","12/26/12",199,"No","18.1",18.14058957,18.14058957,NA,"day",1,"peccary","kitam","","","","",NA,NA,NA,NA,NA,"No",45,"M45A",29,"Machete",5,"Yes",NA,NA,NA,NA,NA,NA,NA,NA,NA,"12","26","2012","12/2012","12/26/2012"
