"Source","Date.LPC","Trip.ID.by.date","Hum.Dog","hoh.key","ID","hunter.age","dog.age","assistant","Dogs.used"
"HA","2/12/12",62,"Human",4,"hM4A",26,NA,"no","No"
"HA","2/12/12",62,"Human",61,"hM61A",18,NA,"no","No"
"HA","2/28/12",68,"Human",9,"hM9A",29,NA,"no","Yes"
"HA","2/28/12",68,"Human",6,"hM6A",30,NA,"no","Yes"
"HA","2/28/12",68,"Human",5,"hM5A",50,NA,"no","Yes"
"HA","2/28/12",68,"Dog",6,"dM5A",NA,"adult",NA,"Yes"
"HA","2/28/12",68,"Dog",5,"dM5B",NA,"adult",NA,"Yes"
"HA","2/28/12",68,"Dog",6,"dM5C",NA,"adult",NA,"Yes"
"HA","2/28/12",68,"Dog",5,"dM6A",NA,"adult",NA,"Yes"
"HA","3/12/12",69,"Human",4,"hM4A",26,NA,"no","No"
"HA","3/12/12",69,"Human",61,"hM61A",18,NA,"no","No"
"HA","3/12/12",69,"Human",62,"hM62A",28,NA,"no","No"
"HA","4/9/12",71,"Human",32,"hM32A",45,NA,"no","Yes"
"HA","4/9/12",71,"Human",32,"hM32D",15,NA,"yes","Yes"
"HA","4/9/12",71,"Human",32,"hM32E",11,NA,"yes","Yes"
"HA","4/9/12",71,"Human",32,"hM32F",10,NA,"yes","Yes"
"HA","4/9/12",71,"Dog",32,"dM32A",NA,"adult",NA,"Yes"
"HA","4/9/12",71,"Dog",32,"dF32D",NA,"young",NA,"Yes"
"HA","4/16/12",75,"Human",73,"hM73C",18,NA,"no","Yes"
"HA","4/16/12",75,"Dog",73,"dM73A",NA,"adult",NA,"Yes"
"HA","4/16/12",75,"Dog",73,"dF73B",NA,"adult",NA,"Yes"
"HA","4/17/12",76,"Human",5,"hM5A",50,NA,"no","Yes"
"HA","4/17/12",76,"Human",5,"hM5C",20,NA,"no","Yes"
"HA","4/17/12",76,"Human",5,"hM5D",16,NA,"no","Yes"
"HA","4/17/12",76,"Human",6,"hM6A",30,NA,"no","Yes"
"HA","4/17/12",76,"Dog",5,"dM5C",NA,"adult",NA,"Yes"
"HA","4/17/12",76,"Dog",5,"dM5B",NA,"adult",NA,"Yes"
"HA","4/17/12",76,"Dog",5,"dM5A",NA,"adult",NA,"Yes"
"HA","4/17/12",76,"Dog",5,"dF5D",NA,"adult",NA,"Yes"
"HA","4/19/12",77,"Human",45,"hM45A",29,NA,"no","Yes"
"HA","4/19/12",77,"Dog",45,"dM45B",NA,"young",NA,"Yes"
"HA","4/19/12",77,"Dog",45,"dF45A",NA,"adult",NA,"Yes"
"HA","4/19/12",77,"Dog",46,"dF46A",NA,"adult",NA,"Yes"
"HA","4/19/12",77,"Dog",45,"dM45D",NA,"young",NA,"Yes"
"HA","4/19/12",77,"Dog",45,"dF45C",NA,"young",NA,"Yes"
"HA","4/22/12",78,"Human",26,"hM26A",59,NA,"no","Yes"
"HA","4/22/12",78,"Human",45,"hM45A",29,NA,"no","Yes"
"HA","4/22/12",78,"Dog",26,"dM26A",NA,"adult",NA,"Yes"
"HA","4/22/12",78,"Dog",45,"dM45B",NA,"young",NA,"Yes"
"HA","4/22/12",78,"Dog",45,"dF45A",NA,"adult",NA,"Yes"
"HA","4/22/12",78,"Dog",45,"dM45D",NA,"young",NA,"Yes"
"HA","4/22/12",78,"Dog",45,"dF45C",NA,"young",NA,"Yes"
"HA","4/24/12",79,"Human",45,"hM45A",29,NA,"no","Yes"
"HA","4/24/12",79,"Dog",45,"dF45A",NA,"adult",NA,"Yes"
"HA","4/24/12",79,"Dog",45,"dM45B",NA,"young",NA,"Yes"
"HA","4/24/12",79,"Dog",45,"dF45C",NA,"young",NA,"Yes"
"HA","4/24/12",79,"Dog",45,"dM45D",NA,"young",NA,"Yes"
"HA","4/24/12",79,"Dog",46,"dF46A",NA,"adult",NA,"Yes"
"HA","4/24/12",79,"Dog",46,"dF46B",NA,"adult",NA,"Yes"
"HA","4/24/12",79,"Dog",26,"dM26A",NA,"adult",NA,"Yes"
"HA","4/25/12",80,"Human",28,"hM28A",23,NA,"no","No"
"HA","4/25/12",81,"Human",45,"hF45B",25,NA,"no","Yes"
"HA","4/25/12",81,"Human",45,"hM45A",29,NA,"no","Yes"
"HA","4/25/12",81,"Dog",45,"dM45B",NA,"young",NA,"Yes"
"HA","4/25/12",81,"Dog",45,"dF45A",NA,"adult",NA,"Yes"
"HA","4/25/12",81,"Dog",46,"dF46A",NA,"adult",NA,"Yes"
"HA","4/25/12",81,"Dog",45,"dM45D",NA,"young",NA,"Yes"
"HA","4/25/12",81,"Dog",45,"dF45C",NA,"young",NA,"Yes"
"HA","4/27/12",82,"Human",26,"hM26A",59,NA,"no","Yes"
"HA","4/27/12",82,"Human",45,"hM45A",29,NA,"no","Yes"
"HA","4/27/12",82,"Dog",45,"dM45B",NA,"young",NA,"Yes"
"HA","4/27/12",82,"Dog",45,"dF45A",NA,"adult",NA,"Yes"
"HA","4/27/12",82,"Dog",46,"dF46A",NA,"adult",NA,"Yes"
"HA","4/27/12",82,"Dog",26,"dM26A",NA,"adult",NA,"Yes"
"HA","4/29/12",83,"Human",26,"hM26C",20,NA,"no","No"
"HA","4/29/12",83,"Human",45,"hM45A",29,NA,"no","No"
"HA","4/30/12",84,"Human",45,"hM45A",29,NA,"no","Yes"
"HA","4/30/12",84,"Dog",45,"dM45B",NA,"young",NA,"Yes"
"HA","4/30/12",84,"Dog",46,"dF46A",NA,"adult",NA,"Yes"
"HA","4/30/12",84,"Dog",45,"dM45D",NA,"young",NA,"Yes"
"HA","4/30/12",84,"Dog",45,"dF45C",NA,"young",NA,"Yes"
"HA","5/5/12",85,"Human",32,"hM32A",45,NA,"no","Yes"
"HA","5/5/12",85,"Human",32,"hM32D",15,NA,"yes","Yes"
"HA","5/5/12",85,"Human",32,"hM32E",11,NA,"yes","Yes"
"HA","5/5/12",85,"Human",32,"hM32F",10,NA,"yes","Yes"
"HA","5/5/12",85,"Dog",32,"dM32A",NA,"adult",NA,"Yes"
"HA","5/5/12",85,"Dog",32,"dF32D",NA,"young",NA,"Yes"
"HA","5/6/12",86,"Human",26,"hM26A",59,NA,"no","Yes"
"HA","5/6/12",86,"Human",26,"hM26C",20,NA,"no","Yes"
"HA","5/6/12",86,"Human",45,"hM45A",29,NA,"no","Yes"
"HA","5/6/12",86,"Dog",45,"dM45B",NA,"young",NA,"Yes"
"HA","5/6/12",86,"Dog",45,"dF45A",NA,"adult",NA,"Yes"
"HA","5/6/12",86,"Dog",46,"dF46B",NA,"adult",NA,"Yes"
"HA","5/6/12",86,"Dog",26,"dM26A",NA,"adult",NA,"Yes"
"HA","5/9/12",88,"Human",32,"hM32A",45,NA,"no","Yes"
"HA","5/9/12",88,"Dog",32,"dM32A",NA,"adult",NA,"Yes"
"HA","5/9/12",88,"Dog",32,"dF32D",NA,"young",NA,"Yes"
"HA","5/9/12",89,"Human",38,"hM38A",40,NA,"no","No"
"HA","5/9/12",89,"Human",52,"hM52A",33,NA,"no","No"
"HA","5/11/12",91,"Human",26,"hM26A",59,NA,"no","Yes"
"HA","5/11/12",91,"Human",28,"hM28A",23,NA,"no","Yes"
"HA","5/11/12",91,"Human",45,"hM45A",29,NA,"no","Yes"
"HA","5/11/12",91,"Dog",45,"dM45B",NA,"young",NA,"Yes"
"HA","5/11/12",91,"Dog",45,"dF45A",NA,"adult",NA,"Yes"
"HA","5/11/12",91,"Dog",46,"dF46B",NA,"adult",NA,"Yes"
"HA","5/11/12",91,"Dog",26,"dM26A",NA,"adult",NA,"Yes"
"HA","5/11/12",91,"Dog",26,"dM26B",NA,"adult",NA,"Yes"
"HA","5/21/12",93,"Human",45,"hM45A",29,NA,"no","Yes"
"HA","5/21/12",93,"Dog",45,"dM45B",NA,"young",NA,"Yes"
"HA","5/21/12",93,"Dog",45,"dF45A",NA,"adult",NA,"Yes"
"HA","5/21/12",93,"Dog",46,"dF46B",NA,"adult",NA,"Yes"
"HA","5/21/12",93,"Dog",46,"dF46A",NA,"adult",NA,"Yes"
"HA","5/21/12",93,"Dog",45,"dM45D",NA,"young",NA,"Yes"
"HA","5/21/12",93,"Dog",45,"dF45C",NA,"young",NA,"Yes"
"HA","5/22/12",94,"Human",26,"hM26A",59,NA,"no","Yes"
"HA","5/22/12",94,"Dog",26,"dM26A",NA,"adult",NA,"Yes"
"HA","5/22/12",94,"Dog",26,"dM26B",NA,"adult",NA,"Yes"
"HA","5/23/12",95,"Human",28,"hM28A",23,NA,"no","No"
"HA","7/2/12",99,"Human",32,"hM32A",45,NA,"no","Yes"
"HA","7/2/12",99,"Human",32,"hM32E",11,NA,"yes","Yes"
"HA","7/2/12",99,"Human",32,"hM32F",10,NA,"yes","Yes"
"HA","7/2/12",99,"Dog",32,"dM32A",NA,"adult",NA,"Yes"
"HA","7/2/12",99,"Dog",32,"dF32D",NA,"young",NA,"Yes"
"HA","7/2/12",99,"Dog",32,"dM32E",NA,"adult",NA,"Yes"
"HA","7/3/12",101,"Human",32,"hM32A",45,NA,"no","Yes"
"HA","7/3/12",101,"Human",32,"hM32D",15,NA,"yes","Yes"
"HA","7/3/12",101,"Human",32,"hM32E",11,NA,"yes","Yes"
"HA","7/3/12",101,"Human",32,"hM32F",10,NA,"yes","Yes"
"HA","7/3/12",101,"Dog",32,"dM32A",NA,"adult",NA,"Yes"
"HA","7/3/12",101,"Dog",32,"dF32D",NA,"young",NA,"Yes"
"HA","7/3/12",101,"Dog",32,"dM32E",NA,"adult",NA,"Yes"
"HA","7/6/12",103,"Human",2,"hM2A",28,NA,"no","No"
"HA","7/6/12",103,"Human",9,"hM9A",29,NA,"no","No"
"HA","7/7/12",104,"Human",26,"hM26A",59,NA,"no","Yes"
"HA","7/7/12",104,"Human",45,"hM45A",29,NA,"no","Yes"
"HA","7/7/12",104,"Dog",26,"dM26A",NA,"adult",NA,"Yes"
"HA","7/7/12",104,"Dog",26,"dM26B",NA,"adult",NA,"Yes"
"HA","7/7/12",104,"Dog",26,"dM26C",NA,"adult",NA,"Yes"
"HA","7/9/12",106,"Human",33,"hM33A",40,NA,"no","No"
"HA","7/9/12",106,"Human",9,"hM9A",29,NA,"no","No"
"HA","7/12/12",107,"Human",26,"hM26A",59,NA,"no","Yes"
"HA","7/12/12",107,"Human",26,"hM26C",20,NA,"no","Yes"
"HA","7/12/12",107,"Human",5,"hM5A",50,NA,"no","Yes"
"HA","7/12/12",107,"Human",5,"hM5C",20,NA,"no","Yes"
"HA","7/12/12",107,"Dog",26,"dM26A",NA,"adult",NA,"Yes"
"HA","7/12/12",107,"Dog",26,"dM26B",NA,"adult",NA,"Yes"
"HA","7/12/12",107,"Dog",26,"dM26C",NA,"adult",NA,"Yes"
"HA","7/12/12",107,"Dog",5,"dM5A",NA,"adult",NA,"Yes"
"HA","7/12/12",107,"Dog",5,"dM5B",NA,"adult",NA,"Yes"
"HA","7/12/12",107,"Dog",5,"dM5C",NA,"adult",NA,"Yes"
"HA","7/12/12",107,"Dog",5,"dF5D",NA,"adult",NA,"Yes"
"HA","7/12/12",107,"Dog",6,"dM6A",NA,"adult",NA,"Yes"
"HA","7/12/12",107,"Dog",6,"dF6B",NA,"adult",NA,"Yes"
"HA","7/13/12",108,"Human",32,"hM32A",45,NA,"no","Yes"
"HA","7/13/12",108,"Human",32,"hM32D",15,NA,"yes","Yes"
"HA","7/13/12",108,"Human",32,"hM32E",11,NA,"yes","Yes"
"HA","7/13/12",108,"Human",32,"hM32F",10,NA,"yes","Yes"
"HA","7/13/12",108,"Dog",32,"dM32A",NA,"adult",NA,"Yes"
"HA","7/13/12",108,"Dog",32,"dF32D",NA,"young",NA,"Yes"
"HA","7/13/12",108,"Dog",32,"dM32E",NA,"adult",NA,"Yes"
"HA","7/14/12",109,"Human",61,"hM61A",19,NA,"no","Yes"
"HA","7/14/12",109,"Dog",61,"dM61A",NA,"adult",NA,"Yes"
"HA","7/14/12",109,"Dog",61,"dF61B",NA,"adult",NA,"Yes"
"HA","7/14/12",109,"Dog",61,"dF61C",NA,"adult",NA,"Yes"
"HA","7/16/12",111,"Human",40,"hM40A",50,NA,"no","No"
"HA","7/16/12",111,"Human",75,"hM75A",50,NA,"no","No"
"HA","7/18/12",112,"Human",2,"hM2A",28,NA,"no","No"
"HA","7/18/12",112,"Human",40,"hM40A",50,NA,"no","No"
"HA","7/20/12",113,"Human",2,"hM2A",28,NA,"no","No"
"HA","7/20/12",113,"Human",4,"hM4A",24,NA,"no","No"
"HA","7/21/12",114,"Human",26,"hM26A",59,NA,"no","Yes"
"HA","7/21/12",114,"Human",26,"hM26C",20,NA,"no","Yes"
"HA","7/21/12",114,"Human",45,"hM45A",29,NA,"no","Yes"
"HA","7/21/12",114,"Human",5,"hM5A",50,NA,"no","Yes"
"HA","7/21/12",114,"Dog",5,"dM5A",NA,"adult","no","Yes"
"HA","7/21/12",114,"Dog",5,"dM5B",NA,"adult","no","Yes"
"HA","7/21/12",114,"Dog",5,"dM5C",NA,"adult","no","Yes"
"HA","7/21/12",114,"Dog",5,"dF5D",NA,"adult","no","Yes"
"HA","7/21/12",114,"Dog",6,"dM6A",NA,"adult","no","Yes"
"HA","7/21/12",114,"Dog",26,"dM26A",NA,"adult","no","Yes"
"HA","7/21/12",114,"Dog",26,"dM26B",NA,"adult","no","Yes"
"HA","7/21/12",114,"Dog",26,"dM26C",NA,"adult","no","Yes"
"HA","7/21/12",115,"Human",18,"hM18A",60,NA,NA,"Yes"
"HA","7/21/12",115,"Human",61,"hM61A",19,NA,NA,"Yes"
"HA","7/21/12",115,"Dog",61,"dM61A",NA,"adult",NA,"Yes"
"HA","7/21/12",115,"Dog",61,"dF61B",NA,"adult",NA,"Yes"
"HA","7/21/12",115,"Dog",61,"dF61C",NA,"adult",NA,"Yes"
"HA","7/22/12",116,"Human",26,"hM26A",59,NA,"no","Yes"
"HA","7/22/12",116,"Human",45,"hM45A",29,NA,"no","Yes"
"HA","7/22/12",116,"Human",5,"hM5A",50,NA,"no","Yes"
"HA","7/22/12",116,"Human",6,"hM6A",30,NA,"no","Yes"
"HA","7/22/12",116,"Human",72,"hM72A",35,NA,"no","Yes"
"HA","7/22/12",116,"Dog",5,"dM5A",NA,"adult",NA,"Yes"
"HA","7/22/12",116,"Dog",5,"dM5B",NA,"adult",NA,"Yes"
"HA","7/22/12",116,"Dog",5,"dM5C",NA,"adult",NA,"Yes"
"HA","7/22/12",116,"Dog",5,"dF5D",NA,"adult",NA,"Yes"
"HA","7/22/12",116,"Dog",6,"dM6A",NA,"adult",NA,"Yes"
"HA","7/22/12",116,"Dog",6,"dF6B",NA,"adult",NA,"Yes"
"HA","7/22/12",116,"Dog",26,"dM26A",NA,"adult",NA,"Yes"
"HA","7/22/12",116,"Dog",26,"dM26B",NA,"adult",NA,"Yes"
"HA","7/22/12",116,"Dog",26,"dM26C",NA,"adult",NA,"Yes"
"HA","7/22/12",116,"Dog",45,"dM45B",NA,"young",NA,"Yes"
"HA","7/22/12",116,"Dog",45,"dF45A",NA,"adult",NA,"Yes"
"HA","7/22/12",116,"Dog",46,"dF46B",NA,"adult",NA,"Yes"
"HA","7/22/12",116,"Dog",45,"dM45D",NA,"young",NA,"Yes"
"HA","7/22/12",116,"Dog",45,"dF45C",NA,"young",NA,"Yes"
"HA","7/23/12",117,"Human",26,"hM26A",59,NA,"no","Yes"
"HA","7/23/12",117,"Human",26,"hM26C",18,NA,"no","Yes"
"HA","7/23/12",117,"Human",45,"hM45A",29,NA,"no","Yes"
"HA","7/23/12",117,"Dog",45,"dM45B",NA,"young",NA,"Yes"
"HA","7/23/12",117,"Dog",46,"dF46B",NA,"adult",NA,"Yes"
"HA","7/23/12",117,"Dog",45,"dM45D",NA,"young",NA,"Yes"
"HA","7/23/12",117,"Dog",45,"dF45C",NA,"young",NA,"Yes"
"HA","7/23/12",117,"Dog",26,"dM26A",NA,"adult",NA,"Yes"
"HA","7/23/12",117,"Dog",26,"dM26B",NA,"adult",NA,"Yes"
"HA","7/23/12",117,"Dog",26,"dM26C",NA,"adult",NA,"Yes"
"HA","7/25/12",118,"Human",29,"hM29A",24,NA,"no","Yes"
"HA","7/25/12",118,"Human",30,"hM30C",20,NA,"no","Yes"
"HA","7/25/12",118,"Human",49,"hM49C",20,NA,"no","Yes"
"HA","7/25/12",118,"Dog",31,"dF31A",NA,"adult",NA,"Yes"
"HA","7/25/12",118,"Dog",30,"dM30B",NA,"adult",NA,"Yes"
"HA","7/25/12",118,"Dog",29,"dM29A",NA,"adult",NA,"Yes"
"HA","7/25/12",118,"Dog",49,"dF49A",NA,"adult",NA,"Yes"
"HA","7/25/12",118,"Dog",49,"dF49B",NA,"adult",NA,"Yes"
"HA","7/25/12",118,"Dog",49,"dF49C",NA,"puppie",NA,"Yes"
"HA","7/26/12",119,"Human",45,"hM45A",29,NA,"no","No"
"HA","7/27/12",120,"Human",26,"hM26A",59,NA,NA,"Yes"
"HA","7/27/12",120,"Human",45,"hM45A",29,NA,NA,"Yes"
"HA","7/27/12",120,"Human",5,"hM5A",50,NA,NA,"Yes"
"HA","7/27/12",120,"Human",5,"hM5C",20,NA,NA,"Yes"
"HA","7/27/12",120,"Human",6,"hM6A",30,NA,NA,"Yes"
"HA","7/27/12",120,"Dog",26,"dM26A",NA,"adult",NA,"Yes"
"HA","7/27/12",120,"Dog",45,"dM45B",NA,"young",NA,"Yes"
"HA","7/27/12",120,"Dog",45,"dM45A",NA,"adult",NA,"Yes"
"HA","7/27/12",120,"Dog",5,"dM5C",NA,"adult",NA,"Yes"
"HA","7/27/12",120,"Dog",5,"dM5B",NA,"adult",NA,"Yes"
"HA","7/27/12",120,"Dog",5,"dM5A",NA,"adult",NA,"Yes"
"HA","7/27/12",120,"Dog",5,"dF5D",NA,"adult",NA,"Yes"
"HA","7/28/12",121,"Human",32,"hM32A",45,NA,"no","Yes"
"HA","7/28/12",121,"Human",32,"hM32D",15,NA,"yes","Yes"
"HA","7/28/12",121,"Human",32,"hM32E",11,NA,"yes","Yes"
"HA","7/28/12",121,"Human",32,"hM32F",10,NA,"yes","Yes"
"HA","7/28/12",121,"Dog",32,"dM32A",NA,"adult",NA,"Yes"
"HA","7/28/12",121,"Dog",32,"dF32D",NA,"adult",NA,"Yes"
"HA","7/28/12",121,"Dog",32,"dM32E",NA,"adult",NA,"Yes"
"HA","7/29/12",122,"Human",32,"hM32A",45,NA,"no","Yes"
"HA","7/29/12",122,"Human",32,"hM32D",15,NA,"yes","Yes"
"HA","7/29/12",122,"Human",32,"hM32E",11,NA,"yes","Yes"
"HA","7/29/12",122,"Human",32,"hM32F",10,NA,"yes","Yes"
"HA","7/29/12",122,"Dog",32,"dM32A",NA,"adult",NA,"Yes"
"HA","7/29/12",122,"Dog",32,"dF32D",NA,"adult",NA,"Yes"
"HA","7/29/12",122,"Dog",32,"dM32E",NA,"adult",NA,"Yes"
"HA","7/30/12",123,"Human",73,"hM73C",18,NA,"no","Yes"
"HA","7/30/12",123,"Dog",73,"dM73A",NA,"adult",NA,"Yes"
"HA","7/30/12",123,"Dog",73,"dF73B",NA,"adult",NA,"Yes"
"HA","7/31/12",124,"Human",29,"hM29A",24,NA,"no","Yes"
"HA","7/31/12",124,"Human",30,"hM30C",20,NA,"no","Yes"
"HA","7/31/12",124,"Dog",31,"dF31A",NA,NA,NA,"Yes"
"HA","7/31/12",124,"Dog",30,"dM30A",NA,NA,NA,"Yes"
"HA","7/31/12",124,"Dog",30,"dM30B",NA,NA,NA,"Yes"
"HA","7/31/12",124,"Dog",30,"d30C",NA,NA,NA,"Yes"
"HA","7/31/12",124,"Dog",29,"dM29A",NA,NA,NA,"Yes"
"HA","7/31/12",124,"Dog",29,"dM29B",NA,NA,NA,"Yes"
"HA","7/31/12",125,"Human",40,"hM40A",50,NA,"no","No"
"HA","8/1/12",126,"Human",61,"hM61A",19,NA,"no","Yes"
"HA","8/1/12",126,"Human",62,"hM62A",27,NA,"no","Yes"
"HA","8/1/12",126,"Human",63,"hM63A",31,NA,"no","Yes"
"HA","8/1/12",126,"Dog",61,"dM61A",NA,"adult",NA,"Yes"
"HA","8/1/12",126,"Dog",61,"dF61B",NA,"adult",NA,"Yes"
"HA","8/1/12",126,"Dog",61,"dF61C",NA,"adult",NA,"Yes"
"HA","8/3/12",128,"Human",26,"hM26A",59,NA,"no","Yes"
"HA","8/3/12",128,"Human",26,"hM26C",20,NA,"no","Yes"
"HA","8/3/12",128,"Human",28,"hM28A",23,NA,"no","Yes"
"HA","8/3/12",128,"Human",45,"hM45A",29,NA,"no","Yes"
"HA","8/3/12",128,"Human",5,"hM5A",50,NA,"no","Yes"
"HA","8/3/12",128,"Human",5,"hM5C",20,NA,"no","Yes"
"HA","8/3/12",128,"Human",5,"hM5D",16,NA,"no","Yes"
"HA","8/3/12",128,"Human",6,"hM6A",30,NA,"no","Yes"
"HA","8/3/12",128,"Dog",26,"dM26A",NA,"adult",NA,"Yes"
"HA","8/3/12",128,"Dog",26,"dM26B",NA,"adult",NA,"Yes"
"HA","8/3/12",128,"Dog",5,"dM5C",NA,"adult",NA,"Yes"
"HA","8/3/12",128,"Dog",5,"dM5B",NA,"adult",NA,"Yes"
"HA","8/3/12",128,"Dog",5,"dM5A",NA,"adult",NA,"Yes"
"HA","8/3/12",128,"Dog",5,"dF5D",NA,"adult",NA,"Yes"
"HA","8/3/12",128,"Dog",45,"dM45B",NA,"young",NA,"Yes"
"HA","8/3/12",128,"Dog",45,"dM45A",NA,"adult",NA,"Yes"
"HA","8/9/12",130,"Human",45,"hM45A",29,NA,"no","Yes"
"HA","8/9/12",130,"Human",5,"hM5A",50,NA,"no","Yes"
"HA","8/9/12",130,"Human",6,"hM6A",30,NA,"no","Yes"
"HA","8/9/12",130,"Dog",26,"dM26A",NA,"adult",NA,"Yes"
"HA","8/9/12",130,"Dog",26,"dM26B",NA,"adult",NA,"Yes"
"HA","8/9/12",130,"Dog",5,"dM5C",NA,"adult",NA,"Yes"
"HA","8/9/12",130,"Dog",5,"dM5B",NA,"adult",NA,"Yes"
"HA","8/9/12",130,"Dog",5,"dM5A",NA,"adult",NA,"Yes"
"HA","8/9/12",130,"Dog",5,"dF5D",NA,"adult",NA,"Yes"
"HA","8/9/12",130,"Dog",45,"dM45B",NA,"young",NA,"Yes"
"HA","8/9/12",130,"Dog",46,"dF46B",NA,"adult",NA,"Yes"
"HA","8/9/12",130,"Dog",45,"dF45C",NA,"young",NA,"Yes"
"HA","8/9/12",130,"Dog",45,"dM45D",NA,"young",NA,"Yes"
"HA","8/10/12",131,"Human",54,"hM54C",18,NA,"no","Yes"
"HA","8/10/12",131,"Human",54,"hM54D",15,NA,"yes","Yes"
"HA","8/10/12",131,"Dog",54,"dM54A",NA,NA,NA,"Yes"
"HA","8/10/12",131,"Dog",54,"dF54B",NA,NA,NA,"Yes"
"HA","8/10/12",131,"Dog",54,"dF54C",NA,NA,NA,"Yes"
"HA","8/10/12",131,"Dog",54,"d",NA,NA,NA,"Yes"
"HA","8/13/12",132,"Human",8,"hM8A",41,NA,"no","No"
"HA","8/13/12",132,"Human",9,"hM9A",29,NA,"no","No"
"HA","8/14/12",134,"Human",26,"hM26A",59,NA,"no","Yes"
"HA","8/14/12",134,"Human",26,"hM26C",20,NA,"no","Yes"
"HA","8/14/12",134,"Human",28,"hM28A",23,NA,"no","Yes"
"HA","8/14/12",134,"Human",45,"hM45A",29,NA,"no","Yes"
"HA","8/14/12",134,"Human",72,"hM72A",35,NA,"no","Yes"
"HA","8/14/12",134,"Dog",26,"dM26B",NA,"adult",NA,"Yes"
"HA","8/14/12",134,"Dog",45,"dM45B",NA,"young",NA,"Yes"
"HA","8/14/12",134,"Dog",46,"dF46B",NA,"adult",NA,"Yes"
"HA","8/14/12",134,"Dog",45,"dF45C",NA,"young",NA,"Yes"
"HA","8/14/12",134,"Dog",45,"dM45D",NA,"young",NA,"Yes"
"HA","8/14/12",134,"Dog",28,"dF28A",NA,"adult",NA,"Yes"
"HA","8/14/12",134,"Dog",28,"dF28B",NA,"young",NA,"Yes"
"HA","8/14/12",134,"Dog",28,"dF28C",NA,"young",NA,"Yes"
"HA","8/14/12",135,"Human",73,"hM73A",54,NA,"no","Yes"
"HA","8/14/12",135,"Human",73,"hM73C",18,NA,"no","Yes"
"HA","8/14/12",135,"Dog",73,"dM73A",NA,"adult",NA,"Yes"
"HA","8/14/12",135,"Dog",73,"dF73B",NA,"adult",NA,"Yes"
"HA","8/14/12",135,"Dog",73,"dM73C",NA,"adult",NA,"Yes"
"HA","8/14/12",136,"Human",28,"hM28A",23,NA,"no","No"
"HA","8/14/12",137,"Human",30,"hM30A",52,NA,"no","No"
"HA","8/14/12",137,"Human",32,"hM32A",45,NA,"no","No"
"HA","8/18/12",139,"Human",65,"hM65",40,NA,"no","Yes"
"HA","8/18/12",139,"Human",65,"hM65A",50,NA,"no","Yes"
"HA","8/18/12",139,"Human",65,"hM65C",25,NA,"no","Yes"
"HA","8/18/12",139,"Human",65,"hM65D",16,NA,"yes","Yes"
"HA","8/18/12",139,"Human",65,"hM65E",14,NA,"yes","Yes"
"HA","8/18/12",139,"Dog",65,"dM65A",NA,NA,NA,"Yes"
"HA","8/18/12",139,"Dog",65,"dM65B",NA,NA,NA,"Yes"
"HA","8/18/12",139,"Dog",65,"dM65C",NA,NA,NA,"Yes"
"HA","8/18/12",139,"Dog",66,"dM66A",NA,NA,NA,"Yes"
"HA","8/18/12",139,"Dog",65,"dM65",NA,NA,NA,"Yes"
"HA","8/18/12",140,"Human",28,"hM28A",23,NA,"no","Yes"
"HA","8/18/12",140,"Human",5,"hM5A",50,NA,"no","Yes"
"HA","8/18/12",140,"Human",6,"hM6A",30,NA,"no","Yes"
"HA","8/18/12",140,"Human",9,"hM9A",29,NA,"no","Yes"
"HA","8/18/12",140,"Dog",5,"dM5C",NA,"adult",NA,"Yes"
"HA","8/18/12",140,"Dog",5,"dM5B",NA,"adult",NA,"Yes"
"HA","8/18/12",140,"Dog",5,"dM5A",NA,"adult",NA,"Yes"
"HA","8/18/12",140,"Dog",5,"dF5D",NA,"adult",NA,"Yes"
"HA","8/18/12",140,"Dog",9,"dM9A",NA,"adult",NA,"Yes"
"HA","8/18/12",140,"Dog",9,"dM9B",NA,"adult",NA,"Yes"
"HA","8/18/12",140,"Dog",9,"dF9A",NA,"adult",NA,"Yes"
"HA","8/19/12",141,"Human",26,"hM26A",59,NA,"no","Yes"
"HA","8/19/12",141,"Human",28,"hM28A",23,NA,"no","Yes"
"HA","8/19/12",141,"Human",45,"hM45A",29,NA,"no","Yes"
"HA","8/19/12",141,"Dog",26,"dM26B",NA,"adult",NA,"Yes"
"HA","8/19/12",141,"Dog",45,"dF45A",NA,"adult",NA,"Yes"
"HA","8/19/12",141,"Dog",45,"dM45B",NA,"young",NA,"Yes"
"HA","8/19/12",141,"Dog",45,"dF45C",NA,"young",NA,"Yes"
"HA","8/19/12",141,"Dog",45,"dM45D",NA,"young",NA,"Yes"
"HA","8/19/12",141,"Dog",46,"dF46A",NA,"adult",NA,"Yes"
"HA","8/19/12",141,"Dog",46,"dF46B",NA,"adult",NA,"Yes"
"HA","8/19/12",141,"Dog",28,"dF28A",NA,"adult",NA,"Yes"
"HA","8/19/12",141,"Dog",28,"dF28B",NA,"young",NA,"Yes"
"HA","8/19/12",141,"Dog",28,"dF28C",NA,"young",NA,"Yes"
"HA","9/11/12",146,"Human",26,"hM26A",59,NA,"no","Yes"
"HA","9/11/12",146,"Human",26,"hM26C",20,NA,"no","Yes"
"HA","9/11/12",146,"Human",45,"hM45A",29,NA,"no","Yes"
"HA","9/11/12",146,"Dog",26,"dM26B",NA,"adult",NA,"Yes"
"HA","9/11/12",146,"Dog",45,"dM45B",NA,"young",NA,"Yes"
"HA","9/11/12",146,"Dog",45,"dF45C",NA,"young",NA,"Yes"
"HA","9/17/12",149,"Human",37,"hM37C",30,NA,"no","No"
"HA","9/17/12",149,"Human",38,"hM38A",40,NA,"no","No"
"HA","9/19/12",151,"Human",37,"hM37C",30,NA,"no","No"
"HA","9/19/12",151,"Human",38,"hM38A",40,NA,"no","No"
"HA","9/22/12",153,"Human",26,"hM26A",59,NA,"no","Yes"
"HA","9/22/12",153,"Human",45,"hM45A",29,NA,"no","Yes"
"HA","9/22/12",153,"Human",5,"hM5A",50,NA,"no","Yes"
"HA","9/22/12",153,"Dog",26,"dM26B",NA,"adult",NA,"Yes"
"HA","9/22/12",153,"Dog",5,"dM5A",NA,"adult",NA,"Yes"
"HA","9/22/12",153,"Dog",5,"dM5B",NA,"adult",NA,"Yes"
"HA","9/22/12",153,"Dog",5,"dM5C",NA,"adult",NA,"Yes"
"HA","9/22/12",153,"Dog",5,"dF5D",NA,"adult",NA,"Yes"
"HA","9/22/12",153,"Dog",45,"dF45A",NA,"adult",NA,"Yes"
"HA","9/22/12",153,"Dog",45,"dM45B",NA,"young",NA,"Yes"
"HA","9/22/12",153,"Dog",45,"dF45C",NA,"young",NA,"Yes"
"HA","9/22/12",153,"Dog",45,"dM45D",NA,"young",NA,"Yes"
"HA","9/22/12",153,"Dog",46,"dF46B",NA,"adult",NA,"Yes"
"HA","10/4/12",157,"Human",71,"hM71A",60,NA,"no","Yes"
"HA","10/4/12",157,"Human",73,"hM73A",54,NA,"no","Yes"
"HA","10/4/12",157,"Human",73,"hM73C",18,NA,"no","Yes"
"HA","10/4/12",157,"Dog",73,"dM73A",NA,"adult",NA,"Yes"
"HA","10/4/12",157,"Dog",73,"dF73B",NA,"adult",NA,"Yes"
"HA","10/4/12",157,"Dog",73,"dM73D",NA,"puppy",NA,"Yes"
"HA","11/10/12",167,"Human",57,"hM57A",27,NA,"no","Yes"
"HA","11/10/12",167,"Human",58,"hM58A",54,NA,"no","Yes"
"HA","11/10/12",167,"Human",58,"hM58C",18,NA,"no","Yes"
"HA","11/10/12",167,"Dog",58,"dF58A",NA,"adult",NA,"Yes"
"HA","11/10/12",167,"Dog",58,"dM58B",NA,"adult",NA,"Yes"
"HA","11/10/12",167,"Dog",58,"dF58C",NA,"adult",NA,"Yes"
"HA","11/10/12",167,"Dog",58,"dM58D",NA,"adult",NA,"Yes"
"HA","11/12/12",168,"Human",32,"hM32A",45,NA,"no","Yes"
"HA","11/12/12",168,"Human",32,"hM32A",45,NA,"yes","Yes"
"HA","11/12/12",168,"Human",32,"hM32A",45,NA,"yes","Yes"
"HA","11/12/12",168,"Human",32,"hM32A",45,NA,"yes","Yes"
"HA","11/12/12",168,"Dog",32,"dM32A",NA,"adult",NA,"Yes"
"HA","11/12/12",168,"Dog",32,"dF32D",NA,"adult",NA,"Yes"
"HA","11/12/12",168,"Dog",32,"dM32E",NA,"adult",NA,"Yes"
"HA","11/18/12",169,"Human",57,"hM57A",27,NA,"no","Yes"
"HA","11/18/12",169,"Human",58,"hM58",50,NA,"no","Yes"
"HA","11/18/12",169,"Human",58,"hM58A",54,NA,"no","Yes"
"HA","11/18/12",169,"Dog",58,"dF58A",NA,"adult",NA,"Yes"
"HA","11/18/12",169,"Dog",58,"dM58B",NA,"adult",NA,"Yes"
"HA","11/18/12",169,"Dog",58,"dF58C",NA,"adult",NA,"Yes"
"HA","11/18/12",169,"Dog",58,"dM58D",NA,"adult",NA,"Yes"
"HA","11/28/12",172,"Human",49,"hM49C",20,NA,"no","Yes"
"HA","11/28/12",172,"Dog",49,"dF49B",NA,"adult",NA,"Yes"
"HA","11/28/12",172,"Dog",49,"dF49C",NA,"puppy",NA,"Yes"
"HA","11/28/12",172,"Dog",49,"dM49D",NA,"puppy",NA,"Yes"
"HA","11/28/12",172,"Dog",49,"dM49E",NA,"puppy",NA,"Yes"
"HA","11/29/12",173,"Human",45,"hM45A",29,NA,"no","Yes"
"HA","11/29/12",173,"Human",49,"hM49C",20,NA,"no","Yes"
"HA","11/29/12",173,"Dog",45,"dM45B",NA,"young",NA,"Yes"
"HA","11/29/12",173,"Dog",45,"dF45C",NA,"young",NA,"Yes"
"HA","11/29/12",173,"Dog",45,"dM45D",NA,"young",NA,"Yes"
"HA","11/29/12",173,"Dog",49,"dF49B",NA,"adult",NA,"Yes"
"HA","11/29/12",173,"Dog",49,"dF49C",NA,"puppy",NA,"Yes"
"HA","11/29/12",173,"Dog",49,"dM49D",NA,"puppy",NA,"Yes"
"HA","11/29/12",173,"Dog",49,"dM49E",NA,"puppy",NA,"Yes"
"HA","12/1/12",175,"Human",58,"hM58A",54,NA,"no","Yes"
"HA","12/1/12",175,"Human",58,"hM58C",18,NA,"no","Yes"
"HA","12/1/12",175,"Dog",58,"dF58A",NA,"adult",NA,"Yes"
"HA","12/1/12",175,"Dog",58,"dM58B",NA,"adult",NA,"Yes"
"HA","12/1/12",175,"Dog",58,"dF58C",NA,"adult",NA,"Yes"
"HA","12/1/12",175,"Dog",58,"dM58D",NA,"adult",NA,"Yes"
"HA","12/2/12",176,"Human",26,"hM26A",59,NA,"no","Yes"
"HA","12/2/12",176,"Human",28,"hM28A",23,NA,"no","Yes"
"HA","12/2/12",176,"Human",5,"hM5A",50,NA,"no","Yes"
"HA","12/2/12",176,"Human",5,"hM5C",20,NA,"no","Yes"
"HA","12/2/12",176,"Human",5,"hM5D",16,NA,"no","Yes"
"HA","12/2/12",176,"Human",6,"hM6A",30,NA,"no","Yes"
"HA","12/2/12",176,"Dog",5,"dM5A",NA,"adult",NA,"Yes"
"HA","12/2/12",176,"Dog",5,"dM5B",NA,"adult",NA,"Yes"
"HA","12/2/12",176,"Dog",5,"dM5C",NA,"adult",NA,"Yes"
"HA","12/2/12",176,"Dog",6,"dM6A",NA,"adult",NA,"Yes"
"HA","12/2/12",176,"Dog",26,"dM26B",NA,"adult",NA,"Yes"
"HA","12/2/12",176,"Dog",28,"dF28A",NA,"adult",NA,"Yes"
"HA","12/2/12",176,"Dog",28,"dF28B",NA,"young",NA,"Yes"
"HA","12/3/12",177,"Human",28,"hM28A",23,NA,"no","No"
"HA","12/7/12",179,"Human",26,"hM26C",20,NA,"no","Yes"
"HA","12/7/12",179,"Human",45,"hM45A",29,NA,"no","Yes"
"HA","12/7/12",179,"Human",5,"hM5A",50,NA,"no","Yes"
"HA","12/7/12",179,"Human",5,"hM5C",16,NA,"no","Yes"
"HA","12/7/12",179,"Human",5,"hM5D",20,NA,"no","Yes"
"HA","12/7/12",179,"Human",6,"hM6A",30,NA,"no","Yes"
"HA","12/7/12",179,"Dog",5,"dM5A",NA,"adult",NA,"Yes"
"HA","12/7/12",179,"Dog",5,"dM5B",NA,"adult",NA,"Yes"
"HA","12/7/12",179,"Dog",5,"dM5C",NA,"adult",NA,"Yes"
"HA","12/7/12",179,"Dog",5,"dF5D",NA,"adult",NA,"Yes"
"HA","12/7/12",179,"Dog",6,"dM6A",NA,"adult",NA,"Yes"
"HA","12/7/12",179,"Dog",26,"dM26B",NA,"adult",NA,"Yes"
"HA","12/7/12",179,"Dog",26,"dM26C",NA,"adult",NA,"Yes"
"HA","12/7/12",179,"Dog",45,"dM45B",NA,"young",NA,"Yes"
"HA","12/7/12",179,"Dog",45,"dF45C",NA,"young",NA,"Yes"
"HA","12/7/12",179,"Dog",45,"dM45D",NA,"young",NA,"Yes"
"HA","12/9/12",181,"Human",28,"hM28A",23,NA,"no","No"
"HA","12/9/12",181,"Human",45,"hM45A",29,NA,"no","No"
"HA","12/10/12",182,"Human",71,"hM71A",60,NA,"no","Yes"
"HA","12/10/12",182,"Human",73,"hM73A",54,NA,"no","Yes"
"HA","12/10/12",182,"Human",73,"hM73C",18,NA,"no","Yes"
"HA","12/10/12",182,"Dog",73,"dM73A",NA,"adult",NA,"Yes"
"HA","12/10/12",182,"Dog",73,"dF73B",NA,"adult",NA,"Yes"
"HA","12/10/12",182,"Dog",73,"dM73C",NA,"adult",NA,"Yes"
"HA","12/12/12",183,"Human",45,"hM45A",29,NA,"no","Yes"
"HA","12/12/12",183,"Human",49,"hM49C",20,NA,"no","Yes"
"HA","12/12/12",183,"Dog",45,"dF45C",NA,"young",NA,"Yes"
"HA","12/12/12",183,"Dog",45,"dM45D",NA,"young",NA,"Yes"
"HA","12/12/12",183,"Dog",46,"dF46A",NA,"adult",NA,"Yes"
"HA","12/12/12",183,"Dog",46,"dF46B",NA,"adult",NA,"Yes"
"HA","12/12/12",183,"Dog",49,"dF49A",NA,"adult",NA,"Yes"
"HA","12/12/12",183,"Dog",49,"dF49C",NA,"adult",NA,"Yes"
"HA","12/12/12",183,"Dog",49,"dM49D",NA,"puppy",NA,"Yes"
"HA","12/12/12",183,"Dog",49,"dM49E",NA,"puppy",NA,"Yes"
"HA","12/12/12",184,"Human",5,"hM5A",50,NA,"no","Yes"
"HA","12/12/12",184,"Human",5,"hM5C",20,NA,"no","Yes"
"HA","12/12/12",184,"Human",5,"hM5D",16,NA,"no","Yes"
"HA","12/12/12",184,"Human",6,"hM6A",30,NA,"no","Yes"
"HA","12/12/12",184,"Dog",5,"dM5A",NA,"adult",NA,"Yes"
"HA","12/12/12",184,"Dog",5,"dM5B",NA,"adult",NA,"Yes"
"HA","12/12/12",184,"Dog",5,"dM5C",NA,"adult",NA,"Yes"
"HA","12/12/12",184,"Dog",5,"dF5D",NA,"adult",NA,"Yes"
"HA","12/12/12",184,"Dog",6,"dM6A",NA,"adult",NA,"Yes"
"HA","12/13/12",186,"Human",49,"hM49C",20,NA,"no","Yes"
"HA","12/13/12",186,"Dog",49,"dF49A",NA,"adult",NA,"Yes"
"HA","12/13/12",186,"Dog",49,"dF49C",NA,"adult",NA,"Yes"
"HA","12/14/12",187,"Human",26,"hM26A",59,NA,"no","Yes"
"HA","12/14/12",187,"Human",28,"hM28A",23,NA,"no","Yes"
"HA","12/14/12",187,"Dog",26,"dM26C",NA,"adult",NA,"Yes"
"HA","12/14/12",187,"Dog",28,"dF28A",NA,"adult",NA,"Yes"
"HA","12/15/12",188,"Human",65,"hM65A",50,NA,"no","Yes"
"HA","12/15/12",188,"Human",65,"hM65C",25,NA,"no","Yes"
"HA","12/15/12",188,"Human",65,"hM65E",14,NA,"yes","Yes"
"HA","12/15/12",188,"Dog",65,"dM65B",NA,"adult",NA,"Yes"
"HA","12/15/12",188,"Dog",65,"dM65C",NA,"adult",NA,"Yes"
"HA","12/15/12",189,"Human",49,"hM49C",20,NA,"no","Yes"
"HA","12/15/12",189,"Dog",49,"dF49A",NA,"adult",NA,"Yes"
"HA","12/15/12",189,"Dog",49,"dF49C",NA,"adult",NA,"Yes"
"HA","12/15/12",189,"Dog",49,"dM49D",NA,"puppy",NA,"Yes"
"HA","12/15/12",189,"Dog",49,"dM49E",NA,"puppy",NA,"Yes"
"HA","12/16/12",191,"Human",45,"hM45A",29,NA,"no","Yes"
"HA","12/16/12",191,"Human",49,"hM49C",20,NA,"no","Yes"
"HA","12/16/12",191,"Dog",45,"dM45B",NA,"young",NA,"Yes"
"HA","12/16/12",191,"Dog",45,"dF45C",NA,"young",NA,"Yes"
"HA","12/16/12",191,"Dog",46,"dF46A",NA,"adult",NA,"Yes"
"HA","12/16/12",191,"Dog",49,"dF49A",NA,"adult",NA,"Yes"
"HA","12/16/12",191,"Dog",49,"dF49C",NA,"adult",NA,"Yes"
"HA","12/16/12",191,"Dog",49,"dM49D",NA,"puppy",NA,"Yes"
"HA","12/16/12",191,"Dog",49,"dM49E",NA,"puppy",NA,"Yes"
"HA","12/19/12",194,"Human",5,"hM5A",50,NA,"no","Yes"
"HA","12/19/12",194,"Human",5,"hM5C",20,NA,"no","Yes"
"HA","12/19/12",194,"Human",5,"hM5D",16,NA,"no","Yes"
"HA","12/19/12",194,"Human",6,"hM6A",30,NA,"no","Yes"
"HA","12/19/12",194,"Dog",5,"dM5A",NA,"adult",NA,"Yes"
"HA","12/19/12",194,"Dog",5,"dM5B",NA,"adult",NA,"Yes"
"HA","12/19/12",194,"Dog",5,"dM5C",NA,"adult",NA,"Yes"
"HA","12/19/12",194,"Dog",5,"dF5D",NA,"adult",NA,"Yes"
"HA","12/19/12",194,"Dog",6,"dM6A",NA,"adult",NA,"Yes"
"HA","12/19/12",194,"Dog",5,"dU5E",NA,"adult",NA,"Yes"
"HA","12/19/12",194,"Dog",5,"dU5F",NA,"adult",NA,"Yes"
"HA","12/22/12",196,"Human",32,"hM32A",45,NA,"no","Yes"
"HA","12/22/12",196,"Dog",32,"dM32A",NA,NA,NA,"Yes"
"HA","12/22/12",196,"Dog",32,"dM32C",NA,NA,NA,"Yes"
"HA","12/22/12",196,"Dog",32,"dF32D",NA,NA,NA,"Yes"
"HA","12/22/12",196,"Dog",32,"dM32E",NA,NA,NA,"Yes"
"HA","12/24/12",198,"Human",45,"hM45A",29,NA,"no","Yes"
"HA","12/24/12",198,"Dog",45,"dM45B",NA,"young",NA,"Yes"
"HA","12/24/12",198,"Dog",45,"dF45C",NA,"young",NA,"Yes"
"HA","12/24/12",198,"Dog",45,"dM45D",NA,"young",NA,"Yes"
"HA","12/24/12",198,"Dog",46,"dF46A",NA,"adult",NA,"Yes"
"HA","12/26/12",199,"Human",37,"hM37C",30,NA,"no","Yes"
"HA","12/26/12",199,"Human",38,"hM38A",40,NA,"no","Yes"
"HA","12/26/12",199,"Human",45,"hM45A",29,NA,"no","Yes"
"HA","12/26/12",199,"Dog",45,"dM45B",NA,"young",NA,"Yes"
"HA","12/26/12",199,"Dog",45,"dF45C",NA,"young",NA,"Yes"
"HA","12/26/12",199,"Dog",45,"dM45D",NA,"young",NA,"Yes"
"HA","12/26/12",199,"Dog",46,"dF46A",NA,"adult",NA,"Yes"
"GPS/HR","1/21/12",34,"Human",0,"hM0A",34,NA,"yes","Yes"
"GPS/HR","1/21/12",34,"Human",26,"hM26A",58,NA,"no","Yes"
"GPS/HR","1/21/12",34,"Human",45,"hM45A",28,NA,"no","Yes"
"GPS/HR","1/21/12",34,"Dog",46,"dF46A",NA,"adult",NA,"Yes"
"GPS/HR","1/21/12",34,"Dog",0,"dF0A",NA,"adult",NA,"Yes"
"GPS/HR","1/21/12",34,"Dog",46,"dF46B",NA,"adult",NA,"Yes"
"GPS/HR","1/21/12",34,"Dog",26,"dM26A",NA,"adult",NA,"Yes"
"GPS/HR","1/21/12",34,"Dog",45,"dF46C",NA,"young",NA,"Yes"
"GPS/HR","1/21/12",34,"Dog",45,"dM46D",NA,"young",NA,"Yes"
"GPS/HR","1/23/12",35,"Human",0,"hM0A",34,NA,"yes","Yes"
"GPS/HR","1/23/12",35,"Human",32,"hM32A",45,NA,"no","Yes"
"GPS/HR","1/23/12",35,"Human",32,"hM32D",15,NA,"yes","Yes"
"GPS/HR","1/23/12",35,"Human",32,"hM32E",11,NA,"yes","Yes"
"GPS/HR","1/23/12",35,"Human",32,"hM32F",10,NA,"yes","Yes"
"GPS/HR","1/23/12",35,"Dog",32,"dM32A",NA,"adult",NA,"Yes"
"GPS/HR","1/23/12",35,"Dog",32,"dM32B",NA,"adult",NA,"Yes"
"GPS/HR","1/23/12",35,"Dog",32,"dF32D",NA,"young",NA,"Yes"
"GPS/HR","1/23/12",35,"Dog",0,"dF0A",NA,"adult",NA,"Yes"
"GPS/HR","1/24/12",38,"Human",0,"hM0A",34,NA,"yes","Yes"
"GPS/HR","1/24/12",38,"Human",57,"hM57A",27,NA,"no","Yes"
"GPS/HR","1/24/12",38,"Human",58,"hM58A",54,NA,"no","Yes"
"GPS/HR","1/24/12",38,"Human",58,"hM58C",18,NA,"no","Yes"
"GPS/HR","1/24/12",38,"Dog",58,"dF58A",NA,"adult",NA,"Yes"
"GPS/HR","1/24/12",38,"Dog",58,"dM58B",NA,"adult",NA,"Yes"
"GPS/HR","1/24/12",38,"Dog",58,"dF58C",NA,"adult",NA,"Yes"
"GPS/HR","1/24/12",38,"Dog",59,"dM59D",NA,"adult",NA,"Yes"
"GPS/HR","1/24/12",38,"Dog",0,"dF0A",NA,"adult",NA,"Yes"
"GPS/HR","2/11/12",61,"Human",0,"hM0A",34,NA,"yes","Yes"
"GPS/HR","2/11/12",61,"Human",32,"hM32A",45,NA,"no","Yes"
"GPS/HR","2/11/12",61,"Human",32,"hM32D",15,NA,"yes","Yes"
"GPS/HR","2/11/12",61,"Human",32,"hM32E",11,NA,"yes","Yes"
"GPS/HR","2/11/12",61,"Human",32,"hM32F",10,NA,"yes","Yes"
"GPS/HR","2/11/12",61,"Dog",32,"dM32A",NA,"adult",NA,"Yes"
"GPS/HR","2/11/12",61,"Dog",32,"dM32B",NA,"adult",NA,"Yes"
"GPS/HR","2/11/12",61,"Dog",32,"dF32D",NA,"young",NA,"Yes"
"GPS/HR","2/11/12",61,"Dog",0,"dF0A",NA,"adult",NA,"Yes"
"GPS/HR","2/14/12",63,"Human",0,"hM0A",35,NA,"yes","Yes"
"GPS/HR","2/14/12",63,"Human",49,"hM49C",20,NA,"no","Yes"
"GPS/HR","2/14/12",63,"Dog",49,"dF49A",NA,"adult",NA,"Yes"
"GPS/HR","2/14/12",63,"Dog",49,"dF49B",NA,"adult",NA,"Yes"
"GPS/HR","2/14/12",63,"Dog",49,"dF49C",NA,"puppie",NA,"Yes"
"GPS/HR","2/14/12",63,"Dog",0,"dF0A",NA,"adult",NA,"Yes"
"GPS/HR","2/14/12",64,"Human",0,"hM0A",35,NA,"yes","No"
"GPS/HR","2/14/12",64,"Human",66,"hM66A",33,NA,"no","No"
"GPS/HR","2/20/12",66,"Human",0,"hM0A",35,NA,"yes","Yes"
"GPS/HR","2/20/12",66,"Human",49,"hM49C",20,NA,"no","Yes"
"GPS/HR","2/20/12",66,"Dog",49,"dF49A",NA,"adult",NA,"Yes"
"GPS/HR","2/20/12",66,"Dog",49,"dF49B",NA,"adult",NA,"Yes"
"GPS/HR","2/20/12",66,"Dog",49,"dF49C",NA,"puppie",NA,"Yes"
"GPS/HR","2/20/12",66,"Dog",0,"dF0A",NA,"adult",NA,"Yes"
"GPS/HR","2/23/12",67,"Human",0,"hM0A",35,NA,"yes","No"
"GPS/HR","2/23/12",67,"Human",45,"hM45A",28,NA,"no","No"
"GPS/HR","2/23/12",67,"Human",72,"hM72A",35,NA,"yes","No"
"GPS/HR","3/14/12",70,"Human",0,"hM0A",35,NA,"yes","Yes"
"GPS/HR","3/14/12",70,"Human",45,"hM45A",28,NA,"no","Yes"
"GPS/HR","3/14/12",70,"Dog",46,"dM46B",NA,"adult",NA,"Yes"
"GPS/HR","3/14/12",70,"Dog",46,"dF46A",NA,"adult",NA,"Yes"
"GPS/HR","3/14/12",70,"Dog",45,"dM45B",NA,"young",NA,"Yes"
"GPS/HR","3/14/12",70,"Dog",26,"dM26A",NA,"adult",NA,"Yes"
"GPS/HR","3/14/12",70,"Dog",0,"dF0A",NA,"adult",NA,"Yes"
"GPS/HR","4/10/12",72,"Human",0,"hM0A",35,NA,"yes","Yes"
"GPS/HR","4/10/12",72,"Human",26,"hM26A",58,NA,"no","Yes"
"GPS/HR","4/10/12",72,"Human",26,"hM26C",18,NA,"no","Yes"
"GPS/HR","4/10/12",72,"Human",28,"hM28A",23,NA,"no","Yes"
"GPS/HR","4/10/12",72,"Dog",26,"dM26B",NA,"adult",NA,"Yes"
"GPS/HR","4/10/12",72,"Dog",26,"dM26A",NA,"adult",NA,"Yes"
"GPS/HR","4/10/12",72,"Dog",28,"dF28A",NA,"adult",NA,"Yes"
"GPS/HR","4/10/12",72,"Dog",0,"dF0A",NA,"adult",NA,"Yes"
"GPS/HR","4/11/12",73,"Human",0,"hM0A",35,NA,NA,"No"
"GPS/HR","4/11/12",73,"Human",45,"hM45A",28,NA,NA,"No"
"GPS/HR","4/11/12",73,"Human",72,"hM72A",35,NA,NA,"No"
"GPS/HR","5/10/12",90,"Human",0,"hM0A",35,NA,NA,"No"
"GPS/HR","5/10/12",90,"Human",28,"hM28A",23,NA,NA,"No"
"GPS/HR","5/25/12",96,"Human",0,"hM0A",35,NA,"yes","Yes"
"GPS/HR","5/25/12",96,"Human",73,"hM73C",18,NA,"no","Yes"
"GPS/HR","5/25/12",96,"Dog",73,"dM73A",NA,"adult",NA,"Yes"
"GPS/HR","5/25/12",96,"Dog",73,"dF73B",NA,"adult",NA,"Yes"
"GPS/HR","5/25/12",96,"Dog",0,"dF0A",NA,"adult",NA,"Yes"
"GPS/HR","6/28/12",97,"Human",0,"hM0A",35,NA,"yes","Yes"
"GPS/HR","6/28/12",97,"Human",26,"hM26A",58,NA,"no","Yes"
"GPS/HR","6/28/12",97,"Human",26,"hM26C",18,NA,"no","Yes"
"GPS/HR","6/28/12",97,"Human",27,"hM27A",25,NA,"no","Yes"
"GPS/HR","6/28/12",97,"Human",45,"hM45A",28,NA,"no","Yes"
"GPS/HR","6/28/12",97,"Dog",46,"dF46A",NA,"adult",NA,"Yes"
"GPS/HR","6/28/12",97,"Dog",26,"dM26A",NA,"adult",NA,"Yes"
"GPS/HR","6/28/12",97,"Dog",46,"dM46B",NA,"adult",NA,"Yes"
"GPS/HR","6/28/12",97,"Dog",45,"dM45B",NA,"young",NA,"Yes"
"GPS/HR","6/28/12",97,"Dog",45,"dF45A",NA,"adult",NA,"Yes"
"GPS/HR","6/28/12",97,"Dog",45,"dF45C",NA,"young",NA,"Yes"
"GPS/HR","6/28/12",97,"Dog",45,"dM45D",NA,"young",NA,"Yes"
"GPS/HR","6/28/12",97,"Dog",0,"dF0A",NA,"adult",NA,"Yes"
"GPS/HR","6/30/12",98,"Human",0,"hM0A",35,NA,"yes","Yes"
"GPS/HR","6/30/12",98,"Human",26,"hM26A",58,NA,"no","Yes"
"GPS/HR","6/30/12",98,"Human",26,"hM26C",18,NA,"no","Yes"
"GPS/HR","6/30/12",98,"Human",27,"hM27A",25,NA,"no","Yes"
"GPS/HR","6/30/12",98,"Human",45,"hM45A",28,NA,"no","Yes"
"GPS/HR","6/30/12",98,"Dog",26,"dM26A",NA,"adult",NA,"Yes"
"GPS/HR","6/30/12",98,"Dog",26,"dM26B",NA,"adult",NA,"Yes"
"GPS/HR","6/30/12",98,"Dog",26,"dF26C",NA,"adult",NA,"Yes"
"GPS/HR","6/30/12",98,"Dog",45,"dF45C",NA,"young",NA,"Yes"
"GPS/HR","6/30/12",98,"Dog",45,"dM45D",NA,"young",NA,"Yes"
"GPS/HR","6/30/12",98,"Dog",45,"dM45B",NA,"young",NA,"Yes"
"GPS/HR","6/30/12",98,"Dog",46,"dF46A",NA,"adult",NA,"Yes"
"GPS/HR","6/30/12",98,"Dog",46,"dM46B",NA,"adult",NA,"Yes"
"GPS/HR","6/30/12",98,"Dog",0,"dF0A",NA,"adult",NA,"Yes"
"GPS/HR","7/2/12",100,"Human",0,"hM0A",35,NA,"yes","Yes"
"GPS/HR","7/2/12",100,"Human",29,"hM29A",24,NA,"no","Yes"
"GPS/HR","7/2/12",100,"Human",30,"hM30A",52,NA,"no","Yes"
"GPS/HR","7/2/12",100,"Human",30,"hM30C",20,NA,"no","Yes"
"GPS/HR","7/2/12",100,"Human",31,"hM31A",23,NA,"no","Yes"
"GPS/HR","7/2/12",100,"Dog",30,"dM30A",NA,"adult",NA,"Yes"
"GPS/HR","7/2/12",100,"Dog",30,"dM30B",NA,"adult",NA,"Yes"
"GPS/HR","7/2/12",100,"Dog",30,"d30C",NA,"adult",NA,"Yes"
"GPS/HR","7/2/12",100,"Dog",31,"dF31A",NA,"adult",NA,"Yes"
"GPS/HR","7/2/12",100,"Dog",29,"dM29A",NA,"adult",NA,"Yes"
"GPS/HR","7/2/12",100,"Dog",29,"d29B",NA,"adult",NA,"Yes"
"GPS/HR","7/2/12",100,"Dog",0,"dF0A",NA,"adult",NA,"Yes"
"GPS/HR","7/3/12",102,"Human",0,"hM0A",35,NA,"yes","Yes"
"GPS/HR","7/3/12",102,"Human",65,"hM65C",25,NA,"no","Yes"
"GPS/HR","7/3/12",102,"Human",66,"hM66A",33,NA,"no","Yes"
"GPS/HR","7/3/12",102,"Dog",66,"dM66A",NA,"adult",NA,"Yes"
"GPS/HR","7/3/12",102,"Dog",65,"dM65A",NA,"adult",NA,"Yes"
"GPS/HR","7/14/12",110,"Human",0,"hM0A",35,NA,"yes","Yes"
"GPS/HR","7/14/12",110,"Human",29,"hM29A",24,NA,"no","Yes"
"GPS/HR","7/14/12",110,"Human",31,"hM31A",23,NA,"no","Yes"
"GPS/HR","7/14/12",110,"Human",30,"hM30C",11,NA,"yes","Yes"
"GPS/HR","7/14/12",110,"Dog",31,"dF31A",NA,"adult",NA,"Yes"
"GPS/HR","7/14/12",110,"Dog",29,"dM29A",NA,"adult",NA,"Yes"
"GPS/HR","8/2/12",127,"Human",0,"hM0A",35,NA,"yes","Yes"
"GPS/HR","8/2/12",127,"Human",45,"hM45A",28,NA,"no","Yes"
"GPS/HR","8/2/12",127,"Human",72,"hM72C",13,NA,"yes","Yes"
"GPS/HR","8/2/12",127,"Dog",45,"dF45C",NA,"young",NA,"Yes"
"GPS/HR","8/2/12",127,"Dog",45,"dM45D",NA,"young",NA,"Yes"
"GPS/HR","8/2/12",127,"Dog",45,"dM45B",NA,"young",NA,"Yes"
"GPS/HR","8/2/12",127,"Dog",46,"dF46A",NA,"adult",NA,"Yes"
"GPS/HR","8/2/12",127,"Dog",46,"dM46B",NA,"adult",NA,"Yes"
"GPS/HR","8/2/12",127,"Dog",0,"dF0A",NA,"adult",NA,"Yes"
"GPS/HR","8/3/12",129,"Human",0,"hM0A",35,NA,"yes","Yes"
"GPS/HR","8/3/12",129,"Human",61,"hM61A",22,NA,"no","Yes"
"GPS/HR","8/3/12",129,"Human",55,"hM55C",13,NA,"yes","Yes"
"GPS/HR","8/3/12",129,"Human",73,"hM73C",18,NA,"no","Yes"
"GPS/HR","8/3/12",129,"Dog",61,"dM61A",NA,"adult",NA,"Yes"
"GPS/HR","8/3/12",129,"Dog",61,"dF61B",NA,"adult",NA,"Yes"
"GPS/HR","8/3/12",129,"Dog",61,"dF61C",NA,"adult",NA,"Yes"
"GPS/HR","8/3/12",129,"Dog",73,"dM73A",NA,"adult",NA,"Yes"
"GPS/HR","8/3/12",129,"Dog",73,"dF73B",NA,"adult",NA,"Yes"
"GPS/HR","8/3/12",129,"Dog",0,"dF0A",NA,"adult",NA,"Yes"
"GPS/HR","8/13/12",133,"Human",0,"hM0A",35,NA,"yes","Yes"
"GPS/HR","8/13/12",133,"Human",45,"hM45A",28,NA,"no","Yes"
"GPS/HR","8/13/12",133,"Dog",45,"dM45B",NA,"young",NA,"Yes"
"GPS/HR","8/13/12",133,"Dog",45,"dF45A",NA,"adult",NA,"Yes"
"GPS/HR","8/13/12",133,"Dog",45,"dF45C",NA,"young",NA,"Yes"
"GPS/HR","8/13/12",133,"Dog",45,"dM45D",NA,"young",NA,"Yes"
"GPS/HR","8/13/12",133,"Dog",46,"dM46B",NA,"adult",NA,"Yes"
"GPS/HR","8/13/12",133,"Dog",0,"dF0A",NA,"adult",NA,"Yes"
"GPS/HR","8/16/12",138,"Human",0,"hM0A",35,NA,"yes","Yes"
"GPS/HR","8/16/12",138,"Human",26,"hM26A",58,NA,"no","Yes"
"GPS/HR","8/16/12",138,"Human",26,"hM26C",18,NA,"no","Yes"
"GPS/HR","8/16/12",138,"Human",37,"hM37C",30,NA,"no","Yes"
"GPS/HR","8/16/12",138,"Human",38,"hM38A",40,NA,"no","Yes"
"GPS/HR","8/16/12",138,"Human",45,"hM45A",28,NA,"no","Yes"
"GPS/HR","8/16/12",138,"Human",5,"hM5A",50,NA,"no","Yes"
"GPS/HR","8/16/12",138,"Human",5,"hM5C",13,NA,"yes","Yes"
"GPS/HR","8/16/12",138,"Dog",45,"dM45B",NA,"young",NA,"Yes"
"GPS/HR","8/16/12",138,"Dog",45,"dF45A",NA,"adult",NA,"Yes"
"GPS/HR","8/16/12",138,"Dog",45,"dF45C",NA,"young",NA,"Yes"
"GPS/HR","8/16/12",138,"Dog",45,"dM45D",NA,"young",NA,"Yes"
"GPS/HR","8/16/12",138,"Dog",46,"dM46B",NA,"adult",NA,"Yes"
"GPS/HR","8/16/12",138,"Dog",37,"dF37A",NA,"adult",NA,"Yes"
"GPS/HR","8/16/12",138,"Dog",37,"dF37B",NA,"adult",NA,"Yes"
"GPS/HR","8/16/12",138,"Dog",5,"dM5A",NA,"adult",NA,"Yes"
"GPS/HR","8/16/12",138,"Dog",5,"dM5B",NA,"adult",NA,"Yes"
"GPS/HR","8/16/12",138,"Dog",5,"dM5C",NA,"adult",NA,"Yes"
"GPS/HR","8/16/12",138,"Dog",26,"dM26B",NA,"adult",NA,"Yes"
"GPS/HR","8/16/12",138,"Dog",26,"dF26C",NA,"adult",NA,"Yes"
"GPS/HR","9/2/12",142,"Human",0,"hM0A",35,NA,"yes","Yes"
"GPS/HR","9/2/12",142,"Human",26,"hM26A",58,NA,"no","Yes"
"GPS/HR","9/2/12",142,"Human",26,"hM26C",18,NA,"no","Yes"
"GPS/HR","9/2/12",142,"Human",28,"hM28A",23,NA,"no","Yes"
"GPS/HR","9/2/12",142,"Human",45,"hM45A",28,NA,"no","Yes"
"GPS/HR","9/2/12",142,"Human",5,"hM5A",50,NA,"no","Yes"
"GPS/HR","9/2/12",142,"Human",6,"hM6A",30,NA,"no","Yes"
"GPS/HR","9/2/12",142,"Human",5,"hM5",14,NA,"yes","Yes"
"GPS/HR","9/2/12",142,"Dog",45,"dM45B",NA,"young",NA,"Yes"
"GPS/HR","9/2/12",142,"Dog",45,"dF45A",NA,"adult",NA,"Yes"
"GPS/HR","9/2/12",142,"Dog",45,"dF45C",NA,"young",NA,"Yes"
"GPS/HR","9/2/12",142,"Dog",45,"dM45D",NA,"young",NA,"Yes"
"GPS/HR","9/2/12",142,"Dog",46,"dM46B",NA,"adult",NA,"Yes"
"GPS/HR","9/2/12",142,"Dog",46,"dF46A",NA,"adult",NA,"Yes"
"GPS/HR","9/2/12",142,"Dog",5,"dM5A",NA,"adult",NA,"Yes"
"GPS/HR","9/2/12",142,"Dog",5,"dM5B",NA,"adult",NA,"Yes"
"GPS/HR","9/2/12",142,"Dog",5,"dM5C",NA,"adult",NA,"Yes"
"GPS/HR","9/2/12",142,"Dog",28,"dF28B",NA,"young",NA,"Yes"
"GPS/HR","9/2/12",142,"Dog",28,"dF28C",NA,"young",NA,"Yes"
"GPS/HR","9/2/12",142,"Dog",26,"dM26B",NA,"adult",NA,"Yes"
"GPS/HR","9/2/12",142,"Dog",6,"dM6A",NA,"adult",NA,"Yes"
"GPS/HR","9/2/12",142,"Dog",6,"dF6B",NA,"adult",NA,"Yes"
"GPS/HR","9/2/12",142,"Dog",0,"dF0A",NA,"adult",NA,"Yes"
"GPS/HR","9/6/12",143,"Human",0,"hM0A",35,NA,"yes","No"
"GPS/HR","9/6/12",143,"Human",72,"hM72",30,NA,"no","No"
"GPS/HR","9/6/12",143,"Human",72,"hM72A",35,NA,"no","No"
"GPS/HR","9/8/12",144,"Human",0,"hM0A",35,NA,"yes","Yes"
"GPS/HR","9/8/12",144,"Human",58,"hM58C",18,NA,"no","Yes"
"GPS/HR","9/8/12",144,"Human",58,"hM58A",54,NA,"no","Yes"
"GPS/HR","9/8/12",144,"Human",58,"hF58B",48,NA,"no","Yes"
"GPS/HR","9/8/12",144,"Human",58,"hF58E",11,NA,"yes","Yes"
"GPS/HR","9/8/12",144,"Human",0,"hF0C",25,NA,"yes","Yes"
"GPS/HR","9/8/12",144,"Dog",58,"dF58A",NA,"adult",NA,"Yes"
"GPS/HR","9/8/12",144,"Dog",58,"dM58B",NA,"adult",NA,"Yes"
"GPS/HR","9/8/12",144,"Dog",58,"dF58C",NA,"adult",NA,"Yes"
"GPS/HR","9/8/12",144,"Dog",59,"dM59D",NA,"adult",NA,"Yes"
"GPS/HR","9/8/12",144,"Dog",0,"dF0A",NA,"adult",NA,"Yes"
"GPS/HR","9/10/12",145,"Human",0,"hM0A",35,NA,"yes","Yes"
"GPS/HR","9/10/12",145,"Human",32,"hM32A",45,NA,"no","Yes"
"GPS/HR","9/10/12",145,"Human",32,"hM32D",15,NA,"yes","Yes"
"GPS/HR","9/10/12",145,"Human",32,"hM32E",11,NA,"yes","Yes"
"GPS/HR","9/10/12",145,"Human",32,"hM32F",10,NA,"yes","Yes"
"GPS/HR","9/10/12",145,"Dog",32,"dM32A",NA,"adult",NA,"Yes"
"GPS/HR","9/10/12",145,"Dog",32,"dM32E",NA,"adult",NA,"Yes"
"GPS/HR","9/10/12",145,"Dog",0,"dF0A",NA,"adult",NA,"Yes"
"GPS/HR","9/13/12",147,"Human",0,"hM0A",35,NA,"yes","Yes"
"GPS/HR","9/13/12",147,"Human",31,"hM31A",23,NA,"no","Yes"
"GPS/HR","9/13/12",147,"Human",30,"hM30C",11,NA,"yes","Yes"
"GPS/HR","9/13/12",147,"Dog",31,"dF31A",NA,"adult",NA,"Yes"
"GPS/HR","9/13/12",147,"Dog",30,"dM30A",NA,"adult",NA,"Yes"
"GPS/HR","9/13/12",147,"Dog",30,"dM30B",NA,"adult",NA,"Yes"
"GPS/HR","9/13/12",147,"Dog",30,"d30C",NA,"adult",NA,"Yes"
"GPS/HR","9/13/12",147,"Dog",29,"dM29A",NA,"adult",NA,"Yes"
"GPS/HR","9/13/12",147,"Dog",29,"d29B",NA,"adult",NA,"Yes"
"GPS/HR","9/13/12",147,"Dog",0,"dF0A",NA,"adult",NA,"Yes"
"GPS/HR","9/15/12",148,"Human",0,"hM0A",35,NA,"yes","Yes"
"GPS/HR","9/15/12",148,"Human",26,"hM26C",18,NA,"no","Yes"
"GPS/HR","9/15/12",148,"Human",28,"hM28A",23,NA,"no","Yes"
"GPS/HR","9/15/12",148,"Human",45,"hM45A",28,NA,"no","Yes"
"GPS/HR","9/15/12",148,"Dog",26,"dM26B",NA,"adult",NA,"Yes"
"GPS/HR","9/15/12",148,"Dog",45,"dF45A",NA,"adult",NA,"Yes"
"GPS/HR","9/15/12",148,"Dog",45,"dF45C",NA,"young",NA,"Yes"
"GPS/HR","9/15/12",148,"Dog",45,"dM45D",NA,"young",NA,"Yes"
"GPS/HR","9/15/12",148,"Dog",28,"dF28B",NA,"young",NA,"Yes"
"GPS/HR","9/15/12",148,"Dog",28,"dF28C",NA,"young",NA,"Yes"
"GPS/HR","9/15/12",148,"Dog",0,"dF0A",NA,"adult",NA,"Yes"
"GPS/HR","9/20/12",152,"Human",0,"hM0A",35,NA,"yes","Yes"
"GPS/HR","9/20/12",152,"Human",31,"hM31A",23,NA,"no","Yes"
"GPS/HR","9/20/12",152,"Human",30,"hM30C",11,NA,"yes","Yes"
"GPS/HR","9/20/12",152,"Dog",30,"d",NA,NA,NA,"Yes"
"GPS/HR","9/20/12",152,"Dog",30,"d",NA,NA,NA,"Yes"
"GPS/HR","9/20/12",152,"Dog",30,"dM30A",NA,"adult",NA,"Yes"
"GPS/HR","9/20/12",152,"Dog",30,"d",NA,NA,NA,"Yes"
"GPS/HR","9/20/12",152,"Dog",30,"dM30B",NA,"adult",NA,"Yes"
"GPS/HR","9/20/12",152,"Dog",31,"dF31A",NA,"adult",NA,"Yes"
"GPS/HR","9/20/12",152,"Dog",29,"dM29A",NA,"adult",NA,"Yes"
"GPS/HR","9/20/12",152,"Dog",0,"dF0A",NA,"adult",NA,"Yes"
"GPS/HR","9/22/12",155,"Human",0,"hM0A",35,NA,"yes","Yes"
"GPS/HR","9/22/12",155,"Human",26,"hM26A",58,NA,"no","Yes"
"GPS/HR","9/22/12",155,"Human",26,"hM26C",18,NA,"no","Yes"
"GPS/HR","9/22/12",155,"Human",28,"hM28A",23,NA,"no","Yes"
"GPS/HR","9/22/12",155,"Human",45,"hM45A",28,NA,"no","Yes"
"GPS/HR","9/22/12",155,"Human",72,"hM72C",13,NA,"yes","Yes"
"GPS/HR","9/22/12",155,"Dog",26,"dM26B",NA,"adult",NA,"Yes"
"GPS/HR","9/22/12",155,"Dog",45,"dM45B",NA,"young",NA,"Yes"
"GPS/HR","9/22/12",155,"Dog",26,"dF26C",NA,"adult",NA,"Yes"
"GPS/HR","9/22/12",155,"Dog",28,"dF28C",NA,"young",NA,"Yes"
"GPS/HR","9/22/12",155,"Dog",28,"dF28B",NA,"young",NA,"Yes"
"GPS/HR","9/22/12",155,"Dog",46,"dM46B",NA,"adult",NA,"Yes"
"GPS/HR","9/22/12",155,"Dog",46,"dF46A",NA,"adult",NA,"Yes"
"GPS/HR","9/22/12",155,"Dog",45,"dF45A",NA,"adult",NA,"Yes"
"GPS/HR","9/22/12",155,"Dog",45,"dF45C",NA,"young",NA,"Yes"
"GPS/HR","9/22/12",155,"Dog",45,"dM45D",NA,"young",NA,"Yes"
"GPS/HR","9/22/12",155,"Dog",0,"dF0A",NA,"adult",NA,"Yes"
"GPS/HR","9/23/12",156,"Human",45,"hM45A",28,NA,"no","Yes"
"GPS/HR","9/23/12",156,"Dog",45,"dF45A",NA,"adult",NA,"Yes"
"GPS/HR","9/23/12",156,"Dog",45,"dM45B",NA,"young",NA,"Yes"
"GPS/HR","9/23/12",156,"Dog",45,"dF45C",NA,"young",NA,"Yes"
"GPS/HR","9/23/12",156,"Dog",45,"dM45D",NA,"young",NA,"Yes"
"GPS/HR","10/4/12",158,"Human",0,"hM0A",35,NA,"yes","Yes"
"GPS/HR","10/4/12",158,"Human",58,"hM58A",54,NA,"no","Yes"
"GPS/HR","10/4/12",158,"Dog",58,"dF58A",NA,"adult",NA,"Yes"
"GPS/HR","10/4/12",158,"Dog",58,"dF58C",NA,"adult",NA,"Yes"
"GPS/HR","10/4/12",158,"Dog",59,"dM59D",NA,"adult",NA,"Yes"
"GPS/HR","10/4/12",158,"Dog",0,"dF0A",NA,"adult",NA,"Yes"
"GPS/HR","10/6/12",159,"Human",0,"hM0A",35,NA,"yes","Yes"
"GPS/HR","10/6/12",159,"Human",57,"hM57A",27,NA,"no","Yes"
"GPS/HR","10/6/12",159,"Human",58,"hM58A",54,NA,"no","Yes"
"GPS/HR","10/6/12",159,"Human",58,"hM58C",18,NA,"no","Yes"
"GPS/HR","10/6/12",159,"Dog",58,"dF58A",NA,"adult",NA,"Yes"
"GPS/HR","10/6/12",159,"Dog",58,"dM58B",NA,"adult",NA,"Yes"
"GPS/HR","10/6/12",159,"Dog",58,"dF58C",NA,"adult",NA,"Yes"
"GPS/HR","10/6/12",159,"Dog",58,"dM58D",NA,"adult",NA,"Yes"
"GPS/HR","10/6/12",159,"Dog",0,"dF0A",NA,"adult",NA,"Yes"
"GPS/HR","10/7/12",160,"Human",0,"hM0A",35,NA,"yes","Yes"
"GPS/HR","10/7/12",160,"Human",32,"hM32A",45,NA,"no","Yes"
"GPS/HR","10/7/12",160,"Human",32,"hM32D",15,NA,"yes","Yes"
"GPS/HR","10/7/12",160,"Human",32,"hM32E",11,NA,"yes","Yes"
"GPS/HR","10/7/12",160,"Human",32,"hM32F",10,NA,"yes","Yes"
"GPS/HR","10/7/12",160,"Dog",32,"dM32A",NA,"adult",NA,"Yes"
"GPS/HR","10/7/12",160,"Dog",32,"dF32D",NA,"puppie",NA,"Yes"
"GPS/HR","10/7/12",160,"Dog",32,"dM32C",NA,"young",NA,"Yes"
"GPS/HR","10/7/12",160,"Dog",0,"dF0A",NA,"adult",NA,"Yes"
"GPS/HR","10/8/12",161,"Human",0,"hM0A",35,NA,"yes","Yes"
"GPS/HR","10/8/12",161,"Human",73,"hM73C",18,NA,"no","Yes"
"GPS/HR","10/8/12",161,"Dog",73,"dM73A",NA,"adult",NA,"Yes"
"GPS/HR","10/8/12",161,"Dog",73,"dF73B",NA,"adult",NA,"Yes"
"GPS/HR","10/8/12",161,"Dog",73,"dM73D",NA,"puppy",NA,"Yes"
"GPS/HR","10/8/12",161,"Dog",0,"dF0A",NA,"adult",NA,"Yes"
"GPS/HR","10/8/12",162,"Human",58,"hM58A",54,NA,"no","Yes"
"GPS/HR","10/8/12",162,"Human",58,"hM58C",18,NA,"no","Yes"
"GPS/HR","10/8/12",162,"Dog",58,"dF58A",NA,"adult",NA,"Yes"
"GPS/HR","10/8/12",162,"Dog",58,"dM58B",NA,"adult",NA,"Yes"
"GPS/HR","10/8/12",162,"Dog",58,"dF58C",NA,"adult",NA,"Yes"
"GPS/HR","10/8/12",162,"Dog",58,"dM58D",NA,"adult",NA,"Yes"
"GPS/HR","10/19/12",163,"Human",0,"hM0A",35,NA,NA,"No"
"GPS/HR","10/19/12",163,"Human",26,"hM26C",18,NA,NA,"No"
"GPS/HR","10/19/12",163,"Human",27,"hM27A",25,NA,NA,"No"
"GPS/HR","10/19/12",163,"Human",45,"hM45A",28,NA,NA,"No"
"GPS/HR","10/31/12",164,"Human",0,"hM0A",35,NA,NA,"No"
"GPS/HR","10/31/12",164,"Human",45,"hM45A",28,NA,NA,"No"
"GPS/HR","11/4/12",166,"Human",0,"hM0A",35,NA,"yes","Yes"
"GPS/HR","11/4/12",166,"Human",26,"hM26A",58,NA,"no","Yes"
"GPS/HR","11/4/12",166,"Human",26,"hM26C",18,NA,"no","Yes"
"GPS/HR","11/4/12",166,"Human",28,"hM28A",23,NA,"no","Yes"
"GPS/HR","11/4/12",166,"Dog",28,"dF28B",NA,"young",NA,"Yes"
"GPS/HR","11/4/12",166,"Dog",28,"dF28C",NA,"young",NA,"Yes"
"GPS/HR","11/4/12",166,"Dog",0,"dF0A",NA,"adult",NA,"Yes"
"GPS/HR","11/30/12",174,"Human",0,"hM0A",35,NA,"yes","Yes"
"GPS/HR","11/30/12",174,"Human",26,"hM26C",18,NA,"no","Yes"
"GPS/HR","11/30/12",174,"Human",45,"hM45A",28,NA,"no","Yes"
"GPS/HR","11/30/12",174,"Human",49,"hM49C",20,NA,"no","Yes"
"GPS/HR","11/30/12",174,"Dog",45,"dF45A",NA,"adult",NA,"Yes"
"GPS/HR","11/30/12",174,"Dog",45,"dM45B",NA,"young",NA,"Yes"
"GPS/HR","11/30/12",174,"Dog",46,"dF46A",NA,"adult",NA,"Yes"
"GPS/HR","11/30/12",174,"Dog",49,"dF49A",NA,"adult",NA,"Yes"
"GPS/HR","11/30/12",174,"Dog",49,"dF49B",NA,"adult",NA,"Yes"
"GPS/HR","11/30/12",174,"Dog",49,"dF49C",NA,"puppy",NA,"Yes"
"GPS/HR","11/30/12",174,"Dog",26,"dM26B",NA,"adult",NA,"Yes"
"GPS/HR","11/30/12",174,"Dog",28,"dF28B",NA,"young",NA,"Yes"
"GPS/HR","11/30/12",174,"Dog",28,"dF28C",NA,"young",NA,"Yes"
"GPS/HR","11/30/12",174,"Dog",49,"d49D",NA,"puppy",NA,"Yes"
"GPS/HR","11/30/12",174,"Dog",49,"d49E",NA,"puppy",NA,"Yes"
"GPS/HR","11/30/12",174,"Dog",0,"dF0A",NA,"adult",NA,"Yes"
"GPS/HR","11/30/12",174,"Dog",0,"dF0B",NA,"puppy",NA,"Yes"
"GPS/HR","12/6/12",178,"Human",0,"hM0A",35,NA,"yes","Yes"
"GPS/HR","12/6/12",178,"Human",71,"hM71A",60,NA,"no","Yes"
"GPS/HR","12/6/12",178,"Human",73,"hM73C",18,NA,"no","Yes"
"GPS/HR","12/6/12",178,"Dog",73,"dM73A",NA,"adult",NA,"Yes"
"GPS/HR","12/6/12",178,"Dog",73,"dF73B",NA,"adult",NA,"Yes"
"GPS/HR","12/6/12",178,"Dog",73,"dM73D",NA,"adult",NA,"Yes"
"GPS/HR","12/6/12",178,"Dog",0,"dF0A",NA,"adult",NA,"Yes"
"GPS/HR","12/8/12",180,"Human",0,"hM0A",35,NA,"yes","Yes"
"GPS/HR","12/8/12",180,"Human",26,"hM26A",58,NA,"no","Yes"
"GPS/HR","12/8/12",180,"Human",26,"hM26C",18,NA,"no","Yes"
"GPS/HR","12/8/12",180,"Human",27,"hM27A",25,NA,"no","Yes"
"GPS/HR","12/8/12",180,"Human",28,"hM28A",23,NA,"no","Yes"
"GPS/HR","12/8/12",180,"Human",36,"hM36A",20,NA,"no","Yes"
"GPS/HR","12/8/12",180,"Human",45,"hM45A",28,NA,"no","Yes"
"GPS/HR","12/8/12",180,"Human",5,"hM5A",50,NA,"no","Yes"
"GPS/HR","12/8/12",180,"Dog",28,"dF28A",NA,"adult",NA,"Yes"
"GPS/HR","12/8/12",180,"Dog",28,"dF28B",NA,"young",NA,"Yes"
"GPS/HR","12/8/12",180,"Dog",28,"dF28C",NA,"young",NA,"Yes"
"GPS/HR","12/8/12",180,"Dog",45,"dF45A",NA,"adult",NA,"Yes"
"GPS/HR","12/8/12",180,"Dog",45,"dM45B",NA,"young",NA,"Yes"
"GPS/HR","12/8/12",180,"Dog",45,"dF45C",NA,"young",NA,"Yes"
"GPS/HR","12/8/12",180,"Dog",45,"dM45D",NA,"young",NA,"Yes"
"GPS/HR","12/8/12",180,"Dog",26,"dM26B",NA,"adult",NA,"Yes"
"GPS/HR","12/8/12",180,"Dog",26,"dF26C",NA,"adult",NA,"Yes"
"GPS/HR","12/8/12",180,"Dog",5,"dM5A",NA,"adult",NA,"Yes"
"GPS/HR","12/8/12",180,"Dog",5,"dM5B",NA,"adult",NA,"Yes"
"GPS/HR","12/8/12",180,"Dog",5,"dM5C",NA,"adult",NA,"Yes"
"GPS/HR","12/8/12",180,"Dog",5,"d5D",NA,"adult",NA,"Yes"
"GPS/HR","12/8/12",180,"Dog",0,"dF0A",NA,"adult",NA,"Yes"
"GPS/HR","12/8/12",180,"Dog",0,"dF0B",NA,"puppy",NA,"Yes"
"GPS/HR","12/12/12",185,"Human",0,"hM0A",35,NA,"yes","Yes"
"GPS/HR","12/12/12",185,"Human",69,"hM69A",29,NA,"no","Yes"
"GPS/HR","12/12/12",185,"Human",70,"hM70A",60,NA,"no","Yes"
"GPS/HR","12/12/12",185,"Human",71,"hM71A",60,NA,"no","Yes"
"GPS/HR","12/12/12",185,"Dog",0,"dF0A",NA,"adult",NA,"Yes"
"GPS/HR","12/15/12",190,"Human",0,"hM0A",35,NA,"yes","Yes"
"GPS/HR","12/15/12",190,"Human",65,"hM65A",50,NA,"no","Yes"
"GPS/HR","12/15/12",190,"Human",65,"hM65C",25,NA,"no","Yes"
"GPS/HR","12/15/12",190,"Human",65,"hM65D",16,NA,"yes","Yes"
"GPS/HR","12/15/12",190,"Human",65,"hM65E",14,NA,"yes","Yes"
"GPS/HR","12/15/12",190,"Human",65,"hM65I",10,NA,"yes","Yes"
"GPS/HR","12/15/12",190,"Dog",65,"d65B",NA,NA,NA,"Yes"
"GPS/HR","12/15/12",190,"Dog",65,"d65C",NA,NA,NA,"Yes"
"GPS/HR","12/15/12",190,"Dog",0,"dF0A",NA,"adult",NA,"Yes"
"GPS/HR","12/16/12",192,"Human",0,"hM0A",35,NA,"yes","Yes"
"GPS/HR","12/16/12",192,"Human",26,"hM26A",58,NA,"no","Yes"
"GPS/HR","12/16/12",192,"Human",28,"hM28A",23,NA,"no","Yes"
"GPS/HR","12/16/12",192,"Dog",26,"dM26B",NA,"adult",NA,"Yes"
"GPS/HR","12/16/12",192,"Dog",26,"dF26C",NA,"adult",NA,"Yes"
"GPS/HR","12/16/12",192,"Dog",28,"dF28A",NA,"adult",NA,"Yes"
"GPS/HR","12/16/12",192,"Dog",28,"dF28B",NA,"young",NA,"Yes"
"GPS/HR","12/16/12",192,"Dog",28,"dF28C",NA,"young",NA,"Yes"
"GPS/HR","12/16/12",192,"Dog",28,"dF28D",NA,"young",NA,"Yes"
"GPS/HR","12/16/12",192,"Dog",0,"dF0A",NA,"adult",NA,"Yes"
"GPS/HR","12/16/12",192,"Dog",0,"dF0B",NA,"puppy",NA,"Yes"
"GPS/HR","12/17/12",193,"Human",0,"hM0A",35,NA,"yes","Yes"
"GPS/HR","12/17/12",193,"Human",28,"hM28A",23,NA,"no","Yes"
"GPS/HR","12/17/12",193,"Human",41,"hM41C",16,NA,"yes","Yes"
"GPS/HR","12/17/12",193,"Dog",28,"dF28A",NA,"adult",NA,"Yes"
"GPS/HR","12/17/12",193,"Dog",28,"dF28B",NA,"young",NA,"Yes"
"GPS/HR","12/17/12",193,"Dog",28,"dF28C",NA,"young",NA,"Yes"
"GPS/HR","12/17/12",193,"Dog",28,"dF28D",NA,"young",NA,"Yes"
"GPS/HR","12/17/12",193,"Dog",0,"dF0A",NA,"adult",NA,"Yes"
"GPS/HR","12/17/12",193,"Dog",0,"dF0B",NA,"puppy",NA,"Yes"
"GPS/HR","12/20/12",195,"Human",0,"hM0A",35,NA,"yes","Yes"
"GPS/HR","12/20/12",195,"Human",36,"hM36A",20,NA,"no","Yes"
"GPS/HR","12/20/12",195,"Human",5,"hM5A",50,NA,"no","Yes"
"GPS/HR","12/20/12",195,"Human",5,"hM5",14,NA,"yes","Yes"
"GPS/HR","12/20/12",195,"Human",5,"hM5C",20,NA,"no","Yes"
"GPS/HR","12/20/12",195,"Human",5,"hM5D",16,NA,"no","Yes"
"GPS/HR","12/20/12",195,"Human",6,"hM6A",30,NA,"no","Yes"
"GPS/HR","12/20/12",195,"Dog",36,"dM36A",NA,"adult",NA,"Yes"
"GPS/HR","12/20/12",195,"Dog",5,"dM5A",NA,"adult",NA,"Yes"
"GPS/HR","12/20/12",195,"Dog",5,"dM5B",NA,"adult",NA,"Yes"
"GPS/HR","12/20/12",195,"Dog",5,"dM5C",NA,"adult",NA,"Yes"
"GPS/HR","12/20/12",195,"Dog",6,"dM6A",NA,"adult",NA,"Yes"
"GPS/HR","12/20/12",195,"Dog",6,"dF6B",NA,"adult",NA,"Yes"
"GPS/HR","12/20/12",195,"Dog",0,"dF0A",NA,"adult",NA,"Yes"
"GPS/HR","12/20/12",195,"Dog",0,"dF0B",NA,"puppy",NA,"Yes"
"GPS/HR","12/23/12",197,"Human",0,"hM0A",35,NA,NA,"No"
"GPS/HR","12/23/12",197,"Human",26,"hM26",55,NA,NA,"No"
"GPS/HR","12/23/12",197,"Human",26,"hM26A",58,NA,NA,"No"
"GPS/HR","12/23/12",197,"Human",26,"hM26C",18,NA,NA,"No"
"GPS/HR","12/23/12",197,"Human",27,"hM27A",25,NA,NA,"No"
"GPS/HR","12/23/12",197,"Human",28,"hM28A",23,NA,NA,"No"
"GPS/HR","12/23/12",197,"Human",45,"hM45A",28,NA,NA,"No"
