"X","HA.file","hh.key","hum.key","obs.key","name.obs","date.hunt","dh.day","dh.month","dh.year","date.surv","ds.day","ds.month","ds.year","tripurp","tripother","hunt.start","hunt.end","location","hum.party","humpty.num","dogs.used","dogs.names","dog.party","dogpty.num","success","why","weapon","own.weap","prey1","prey2","prey3","prey4","pnum1","pnum2","pnum3","pnum4","pnkill1","pnkill2","pnkill3","pnkill4","ptime1","ptime2","ptime3","ptime4","ptrack","pweight1","pweight2","pweight3","pweight4","psex1","psex2","psex3","psex4","tmsenc1","tmsenc2","tmsenc3","tmsenc4","dog.tcatch","dog.tcomm1","dog.tcomm2","dog.tcomm3","hun.tkill","hun.tcomm1","hun.tcomm2","hun.tcomm3","butchn.field","butchn.time","butchn.dur","sharing","sharing.ids","which.share","hun.madek","dog.startcha","chase.other","uns.attacks","unsatt.why","other.res","dog.reward","dog.rewhen","dog.rewhat","dog.rewids","dog.wound","dog.wndids","dog.wndcau","notes","Trip.ID.by.date","HA.file.fl"
1,"HA n01",73,"73C","0A","LPC","16/04/2012",16,4,2012,"17/04/2012",17,4,2012,"OTHER","CHOP BUSH","07:00","10:30","PASTURE","73C",1,"Y","TIGER;SALLY","M73A;F73B",2,"N","DEER ESCAPED","MACHETE",NA,"DEER",NA,NA,NA,1,NA,NA,NA,0,NA,NA,NA,"08:00",NA,NA,NA,"TRACKS",0,NA,NA,NA,NA,NA,NA,NA,1,NA,NA,NA,NA,1,NA,NA,NA,1,NA,NA,NA,NA,NA,NA,NA,NA,NA,"F73B",NA,NA,NA,"FIREWOOD","Y","AT HOME","OTHER TORTILLA",NA,NA,NA,NA,"",75,NA
2,"HA n02",32,"32A","0A","LPC","09/04/2012",9,4,2012,"17/04/2012",17,4,2012,"FARM",NA,"06:30","13:00","SAN JOSE","32A",1,"Y","PUPPIE","M32A",1,"Y",NA,"MACHETE",NA,"GIBNUT",NA,NA,NA,1,NA,NA,NA,1,NA,NA,NA,"07:00",NA,NA,NA,NA,45,NA,NA,NA,"MALE",NA,NA,NA,1,NA,NA,NA,"07:00",5,NA,NA,"12:00",NA,NA,NA,NA,NA,NA,NA,NA,NA,"32D","M32A","N","N",NA,"BROKEN","N",NA,NA,NA,"N",NA,NA,"",71,NA
3,"HA n03",5,"5C","0A","LPC","17/04/2012",17,4,2012,"17/04/2012",17,4,2012,"HUNT",NA,"06:30","11:30","SILVERIOS FARM","5C;5D;6A;5A",4,"Y","CHICPECK;BLACKIE;BARZIN;YELLOW","M5C;M5B;M5A;F5D",4,"Y",NA,"GUN","8A","PECCARY",NA,NA,NA,1,NA,NA,NA,1,NA,NA,NA,"10:00",NA,NA,NA,NA,80,NA,NA,NA,"FEMALE",NA,NA,NA,1,NA,NA,NA,NA,NA,NA,NA,NA,2,NA,NA,"N",NA,NA,"Y","5D","BACK LEG","6A",NA,"N","N",NA,NA,"Y","AFTER KILLING",NA,NA,NA,NA,NA,"",76,NA
4,"HA n04",45,"45A","0A","LPC","19/04/2012",19,4,2012,"24/04/2012",24,4,2012,"OTHER","JIPPI-JAPPA","10:00","12:00","BEHIND GREGORY CAL","45A",1,"Y","WHITEY;PUPPIEHE;PUPPIESHE;TIGER;NENE","M45B;F45A;F46A;M45D;F45C",5,"Y","LOOK AND CHASE","MACHETE",NA,"GIBNUT",NA,NA,NA,1,NA,NA,NA,1,NA,NA,NA,"10:30",NA,NA,NA,"TRACKS",15,NA,NA,NA,"MALE",NA,NA,NA,3,NA,NA,NA,NA,0.75,NA,NA,NA,NA,NA,NA,"N",NA,NA,NA,NA,NA,"45A",NA,"N","Y","PERROS DISTRAIDOS;PERROS BEBIENDO AGUA","JIPPI-JAPPA",NA,NA,NA,NA,NA,NA,NA,"",77,NA
5,"HA n05",45,"45A","0A","LPC","22/04/2012",22,4,2012,"24/04/2012",24,4,2012,"HUNT",NA,"07:30","13:00","MARCOS SHO FARM","45A;26A",2,"Y","SPIKEY;TIGER;WHITEY;PUPPIEHE;PUPPIESHE","M26A;M45B;F45A;M45D;F45C",1,"N",NA,"GUN",NA,"PECCARY",NA,NA,NA,1,NA,NA,NA,0,NA,NA,NA,"08:00",NA,NA,NA,"DOGS",0,NA,NA,NA,NA,NA,NA,NA,1,NA,NA,NA,NA,4,NA,NA,NA,NA,NA,NA,NA,NA,NA,NA,NA,NA,NA,NA,"N","Y",NA,NA,NA,NA,NA,NA,NA,NA,NA,"",78,NA
6,"HA n06",45,"45A","0A","LPC","24/04/2012",24,4,2012,"24/04/2012",24,4,2012,"HUNT",NA,"06:30","14:00",NA,"45A",1,"Y","WHITEY;TIGER;PUPPIESHE;PUPPIEHE;NENE;BUTT;SPIKEY","F45A;M45B;F45C;M45D;F46A;F46B;M26A",7,"N",NA,"MACHETE",NA,"PECCARY",NA,NA,NA,1,NA,NA,NA,0,NA,NA,NA,"08:00",NA,NA,NA,NA,0,NA,NA,NA,NA,NA,NA,NA,NA,NA,NA,NA,NA,1,NA,NA,NA,NA,NA,NA,NA,NA,NA,NA,NA,NA,NA,NA,NA,"Y",NA,NA,NA,NA,NA,NA,NA,NA,NA,"",79,NA
7,"HA n07",28,"28A","0A","LPC","25/04/2012",25,4,2012,"26/04/2012",26,4,2012,"HUNT",NA,"07:30","10:30",NA,"28A",1,"N",NA,NA,NA,"Y",NA,"GUN","26A","PECCARY","DEER",NA,NA,1,1,NA,NA,1,0,NA,NA,"20:35","20:30",NA,NA,"USE LIGTH",30,0,NA,NA,"MALE",NA,NA,NA,1,1,NA,NA,NA,NA,NA,NA,NA,0.16,NA,NA,"N",NA,"","Y","28A",NA,"28A",NA,"N","Y","EL CARTUCHO NO DISPARO",NA,"Y",NA,NA,"M26A",NA,NA,NA,"",80,NA
8,"HA n08",45,"45A","0A","LPC","25/04/2012",25,4,2012,"26/04/2012",26,4,2012,"OTHER","FUEL COLECTION","09:30","00:30",NA,"45A;45B",2,"Y","TIGER;WHITEY;NENE;PUPPIEHE;PUPPIESHE","M45B;F45A;F46A;M45D;F45C",5,"Y",NA,"MACHETE",NA,"AGOUTI",NA,NA,NA,1,NA,NA,NA,1,NA,NA,NA,"11:45",NA,NA,NA,"OTHER",4,NA,NA,NA,NA,NA,NA,NA,NA,NA,NA,NA,NA,NA,NA,NA,NA,NA,NA,NA,NA,NA,NA,NA,NA,NA,"",NA,NA,"N",NA,"FIREWOOD",NA,NA,NA,NA,NA,NA,NA,"",81,NA
9,"HA n09",45,"45A","0A","LPC","27/04/2012",27,4,2012,"02/05/2012",2,5,2012,"HUNT",NA,"07:30","16:30","Ha il chimun","26A;45A",2,"Y","TIGER;NENE;WHITEY;SPIKEY","M45B;F46A;F45A;M26A",4,"N","SEVERAL TRIALS BETER","GUN",NA,"PECCARY",NA,NA,NA,1,NA,NA,NA,0,NA,NA,NA,NA,NA,NA,NA,NA,0,NA,NA,NA,NA,NA,NA,NA,NA,NA,NA,NA,NA,NA,NA,NA,NA,NA,NA,NA,NA,NA,NA,NA,NA,"HALF AND HALF","",NA,NA,NA,NA,NA,"",NA,NA,NA,NA,NA,NA,"",82,NA
10,"HA n10",45,"45A","0A","LPC","29/04/2012",29,4,2012,"02/05/2012",2,5,2012,"HUNT",NA,"00:40","02:00","CATARINO'S PLANTATION GROOP B SIDE","26C;45A",2,"N",NA,NA,NA,"Y","NO GUN","GUN","26A","DEER","DEER",NA,NA,1,1,NA,NA,1,0,NA,NA,"01:00",NA,NA,NA,"NOISES",85,0,NA,NA,"FEMALE",NA,NA,NA,NA,NA,NA,NA,NA,NA,NA,NA,"01:07",NA,NA,NA,"N","01:00","","Y","45A;79A","HALF AND HALF","45A",NA,"N",NA,NA,NA,"",NA,NA,NA,NA,NA,NA,"",83,NA
11,"HA n11",45,"45A","0A","LPC","30/04/2012",30,4,2012,"02/05/2012",2,5,2012,"OTHER","SHOPPING","07:00","14:00","MALASIAN ROAD","45A",1,"Y","TIGER;NENE;PUPPIEHE;PUPPIESHE","M45B;F46A;M45D;F45C",2,"N","FARM","MACHETE",NA,"PECCARY",NA,NA,NA,1,NA,NA,NA,0,NA,NA,NA,NA,NA,NA,NA,NA,0,NA,NA,NA,NA,NA,NA,NA,2,NA,NA,NA,NA,NA,NA,NA,NA,NA,NA,NA,NA,NA,NA,NA,NA,NA,NA,NA,NA,NA,NA,NA,NA,NA,NA,NA,NA,NA,NA,"",84,NA
12,"HA n12",61,"61A","0A","LPC",NA,NA,NA,NA,"03/05/2012",3,5,2012,"HUNT",NA,"19:00","21:00","","61A;4A",2,"N",NA,NA,NA,"Y",NA,"GUN","40A","DEER","DEER",NA,NA,1,1,NA,NA,1,0,NA,NA,"20:05","23:00","","","SAW",120,0,NA,NA,"FEMALE",NA,NA,NA,1,NA,NA,NA,NA,NA,NA,NA,"00:10",NA,NA,NA,"N",NA,"0.3","Y","61A;4A","HALF AND HALF",NA,NA,"N","N","JUST ONE SHOT","N",NA,NA,NA,NA,NA,NA,NA,"",62,NA
13,"HA n13",61,"61A","0A","LPC",NA,NA,NA,NA,"03/05/2012",3,5,2012,"HUNT",NA,NA,NA,"FARM","61A;4A;62A",3,"Y",NA,NA,NA,"Y",NA,"GUN","40A","DEER",NA,NA,NA,3,NA,NA,NA,2,NA,NA,NA,NA,NA,NA,NA,NA,72,NA,NA,NA,NA,NA,NA,NA,NA,NA,NA,NA,NA,0.81,NA,NA,NA,NA,NA,NA,NA,NA,NA,NA,NA,NA,NA,NA,NA,NA,NA,NA,NA,NA,NA,NA,NA,NA,NA,"",69,NA
14,"HA n14",26,"26C","0B","LPC","06/05/2012",6,5,2012,"06/05/2012",6,5,2012,"FARM","BREAK CORN, BUT WHEN THEY GOT TO THEIR FOR IN THE KITAM WAS ALREADY THEY AND THE DOGS STARTED THE CHASE","07:00","10:00","FARM, CLOSE TO SAN JOSE ROAD","26C;45A;26A",3,"Y","SPIKEY;TIGER;WHITEY;BUTT","M26A;M45B;F45A;F46B",3,"Y","SHOT THE PECARY","GUN","26A","PECCARY","PECCARY",NA,NA,1,1,NA,NA,1,0,NA,NA,"08:30",NA,NA,NA,"DOGS",45,0,NA,NA,"MALE",NA,NA,NA,2,NA,NA,NA,"01:00",NA,NA,NA,"01:00",NA,NA,NA,"N",NA,NA,"N","26C",NA,"45A","M45B;M26A",NA,"N",NA,"CORN","Y","AFTER KILLING","FAT","26A","N",NA,NA,"DRY CORN",86,NA
15,"HA n15",73,"73C","0B","LPC","05/05/2012",5,5,2012,"10/05/2012",10,5,2012,"FARM","BURNING AND","06:30","12:30","THE ONE SAMPLED FOR SAIL","32A;32D;32E;32F",4,"Y","PUPPIE;NENE","M32D;M32A",2,"Y","THE RABBIT GOT INTO A HOLP","MACHETE",NA,"DEER","DEER",NA,NA,1,1,NA,NA,1,0,NA,NA,NA,NA,NA,NA,NA,45,0,NA,NA,"FEMALE",NA,NA,NA,NA,NA,NA,NA,NA,1.5,NA,NA,NA,NA,NA,NA,"N",NA,NA,NA,NA,NA,"73D","M73D","N",NA,NA,NA,"Y","AFTER COOKING","THE GUST","73C","N",NA,NA,"",85,NA
16,"HA n16",32,"32A","0A","LPC","09/05/2012",9,5,2012,"10/05/2012",10,5,2012,"OTHER","FIREWOOD","14:30","19:30",NA,"32A",1,"Y","PUPPIE;NENE","F32B;M32A",2,"N","GOT THE GUN","MACHETE",NA,"RABBIT",NA,NA,NA,5,NA,NA,NA,0,NA,NA,NA,NA,NA,NA,NA,"SOUNDS",0,NA,NA,NA,NA,NA,NA,NA,6,NA,NA,NA,NA,2,NA,NA,NA,1.5,NA,NA,NA,NA,NA,NA,NA,NA,NA,NA,NA,NA,NA,NA,NA,NA,NA,NA,"",NA,NA,"",88,NA
17,"HA n17",28,"28A","0A","LPC","11/05/2012",11,5,2012,"19/05/2012",19,5,2012,"FARM",NA,"06:30","09:30",NA,"26A;28A;45A",3,"Y","SPIKEY;TIGER;WHITEY;TIGER;BUUT","M45B;F45A;F46B;M26A;M26B",5,"Y",NA,"GUN","26A","PECCARY",NA,NA,NA,1,NA,NA,NA,1,NA,NA,NA,"07:00",NA,NA,NA,"SCENTS",35,NA,NA,NA,"MALE",NA,NA,NA,NA,NA,NA,NA,"00:45",NA,NA,NA,"00:30",0.75,NA,NA,"N",NA,NA,"Y",NA,NA,"28A","M26A;M45B","N","N","ONE SHOT",NA,"Y","AFTER KILLING","FAT","26A","Y","45B",NA,"",91,NA
18,"HA n18",38,"38A","0A","LPC","09/05/2012",9,5,2012,NA,NA,NA,NA,NA,NA,"17:30","02:30",NA,"38A;52A",2,NA,NA,NA,NA,NA,NA,"GUN",NA,"GIBNUT",NA,NA,NA,1,NA,NA,NA,0,NA,NA,NA,NA,NA,NA,NA,NA,0,NA,NA,NA,NA,NA,NA,NA,NA,NA,NA,NA,NA,NA,NA,NA,NA,NA,NA,NA,NA,NA,NA,NA,NA,NA,NA,NA,NA,NA,NA,NA,"",NA,NA,NA,NA,NA,NA,"",89,NA
19,"HA n19",26,"26C","0A","LPC","07/05/2012",7,5,2012,"15/05/2012",15,5,2012,"FISH",NA,"20:00","00:00","RIO BLANCO","26C;54C",2,"N",NA,NA,NA,"Y","FISHING","STRIKEGUN",NA,"FISH",NA,NA,NA,2,NA,NA,NA,NA,NA,NA,NA,NA,NA,NA,NA,NA,NA,NA,NA,NA,NA,NA,NA,NA,NA,NA,NA,NA,NA,NA,NA,NA,NA,NA,NA,NA,NA,NA,NA,NA,NA,NA,NA,NA,NA,NA,NA,NA,"",NA,NA,NA,NA,NA,NA,"STRIKEGUN NOTA HECHA POR EL DR. PACHECO EN LA CELDA DE WEAPON",92,NA
20,"HA n20",45,"45A","0A","LPC","21/05/2012",21,5,2012,NA,NA,NA,NA,"OTHER","JIPPI-JAPPA",NA,NA,NA,"45A",1,"Y","TIGER;WHITEY;BUUT;NENE;PUPPIEHE;PUPPIESHE","M45B;F45A;F46B;F46A;M45D;F45C",6,"Y",NA,"MACHETE",NA,"AGOUTI",NA,NA,NA,2,NA,NA,NA,2,NA,NA,NA,NA,NA,NA,NA,"DOGS",12,NA,NA,NA,NA,NA,NA,NA,2,1,NA,NA,"00:30",1,NA,NA,NA,NA,NA,NA,"N",NA,NA,NA,NA,NA,"45A",NA,"Y","Y",NA,"JIPPI-JAPPA","",NA,NA,NA,NA,NA,NA,"",93,NA
21,"HA n21",26,"26A","0A","LPC","22/05/2012",22,5,2012,NA,NA,NA,NA,NA,NA,NA,NA,NA,"M26A",1,"Y","SPIKEY;TIGER","M26A;M26B",NA,NA,NA,"MACHETE",NA,NA,NA,NA,NA,NA,NA,NA,NA,NA,NA,NA,NA,NA,NA,NA,NA,NA,NA,NA,NA,NA,NA,NA,NA,NA,NA,NA,NA,NA,NA,NA,NA,NA,NA,NA,NA,NA,NA,NA,NA,NA,NA,NA,NA,NA,NA,NA,NA,NA,"",NA,NA,NA,NA,NA,NA,"",94,NA
22,"HA n22",28,"28A","0B","ECH","23/05/2012",23,5,2012,NA,NA,NA,NA,NA,NA,NA,NA,NA,NA,NA,NA,NA,NA,NA,NA,NA,"GUN",NA,"DEER",NA,NA,NA,1,NA,NA,NA,0,NA,NA,NA,NA,NA,NA,NA,NA,0,NA,NA,NA,NA,NA,NA,NA,NA,NA,NA,NA,NA,NA,NA,NA,NA,NA,NA,NA,NA,NA,NA,NA,NA,NA,NA,NA,NA,NA,NA,NA,"",NA,NA,NA,NA,NA,NA,"",95,NA
23,"HA n24",32,"32A","0A","LPC","02/07/2012",2,7,2012,"06/07/2012",6,7,2012,"HUNT",NA,"08:00","17:30",NA,"32A;32F;32E",3,"Y","PUPPIE;NENE;SPARKY","M32A;F32D;M32E",3,"Y",NA,"MACHETE",NA,"AGOUTI",NA,NA,NA,1,NA,NA,NA,1,NA,NA,NA,"12:00",NA,NA,NA,"SOUNDS",31,NA,NA,NA,"FEMALE",NA,NA,NA,1,NA,NA,NA,"00:30",0.4,NA,NA,"00:25",NA,NA,NA,"N",NA,NA,NA,NA,NA,"32E;32F","",NA,NA,NA,NA,"Y","AT HOME","THE LEGS",NA,"N",NA,NA,"",99,NA
24,"HA n25",32,"32A","0A","LPC","03/07/2012",3,7,2012,"06/07/2012",6,7,2012,"OTHER","OPEN TRAIL","08:00","14:30",NA,"32A;32D;32E;32F",4,"Y","PUPPIE;NENE;SPARKY","M32A;F32D;M32E",3,"Y","NO PUDIERON ESPERAR DEMASIADO TIEMPO DEBIDO A QUE HABIA MUCHO MOSQUITO PEQUE‹O.","MACHETE",NA,"ARMADILLO",NA,NA,NA,2,NA,NA,NA,1,NA,NA,NA,"12:30",NA,NA,NA,"DOGS",13,NA,NA,NA,"FEMALE",NA,NA,NA,NA,NA,NA,NA,NA,1,0.83,NA,NA,NA,NA,NA,"N",NA,NA,NA,NA,NA,"33A","M32A;F49B;M32E","Y","N",NA,NA,"Y","AT HOME","MEAD",NA,"N",NA,NA,"",101,NA
25,"HA n27",2,"2A","0A","LPC","03/07/2012",3,7,2012,"22/07/2012",22,7,2012,"HUNT",NA,"18:00","22:20","PASANDO LA GRANJA DE NOEL, LADO ESTE","2A;9A",2,"N",NA,NA,NA,"N","HILARIO & ARAM`S DOGS SCARED THE DEERS (FCO.CAJBON`S PERCEPTION)","GUN","9A","GIBNUT",NA,NA,NA,1,NA,NA,NA,0,NA,NA,NA,NA,NA,NA,NA,NA,0,NA,NA,NA,NA,NA,NA,NA,NA,NA,NA,NA,NA,NA,NA,NA,NA,NA,NA,NA,NA,NA,NA,NA,NA,NA,NA,NA,NA,NA,NA,"N",NA,NA,NA,NA,NA,NA,NA,"",103,NA
26,"HA n28",33,"33A","0A","LPC","09/07/2012",9,7,2012,"10/07/2012",10,7,2012,"HUNT",NA,"18:30","20:30","PASTIZAL EN LA CAMINO A SANTA ELENA","33A;9A",2,"N",NA,NA,NA,"N","GUN & DOGS","GUN","9A","DEER",NA,NA,NA,3,NA,NA,NA,0,NA,NA,NA,NA,NA,NA,NA,"OTHER CHECKED THE SPOT, AT LEAST THREE DEERS LAVE BEEN SEEN THERE",0,NA,NA,NA,NA,NA,NA,NA,NA,NA,NA,NA,NA,NA,NA,NA,NA,NA,NA,NA,NA,NA,NA,NA,NA,NA,NA,NA,"N",NA,NA,"N",NA,NA,NA,NA,NA,NA,NA,"",106,NA
27,"HA n29",5,"5C","0A","LPC","12/07/2012",12,7,2012,"13/07/2012",13,7,2012,"HUNT",NA,"08:00","11:00","1ST BRIDGE AN THE ROAD TO SAN JOSE, ","5C;5A;26C;26A",4,"Y","SPIKEY;TIGER;GIRLIE;BARZIN;BLACKIE;CHICPECK;YELLOW;UNKNOWN;UNKNOWN","M5A;M5B;M5C;M5D;M26A;M26B;F26C;F45A;M45B",9,"Y","ANIMALS ESCAPED","GUN","8A","PECCARY","DEER",NA,NA,7,2,NA,NA,2,0,NA,NA,NA,NA,NA,NA,NA,50,0,NA,NA,NA,NA,NA,NA,NA,NA,NA,NA,NA,NA,NA,NA,NA,NA,NA,NA,NA,NA,NA,NA,NA,NA,NA,NA,NA,NA,NA,NA,NA,NA,NA,NA,NA,NA,NA,"",107,NA
28,"HA n30",32,"32A","0A","LPC","13/07/2012",13,7,2012,"13/07/2012",13,7,2012,"HUNT",NA,"07:00","17:30","STARTED BY SAN JOSEROAD GOING BEHIND","32A;32D;32E;32F",4,"Y","SPARKY;PUPPIE;NENE","F32D;M32A;M32E",3,"N","PREY ESCAPED THROUGH THE OVER WICH WAS FLOODED","MACHETE",NA,"PECCARY","PECCARY","AGOUTI",NA,1,1,1,NA,0,0,0,NA,"11:00","13:00","08:00",NA,"DOGS",0,0,0,NA,NA,NA,NA,NA,1,1,1,NA,NA,1.5,0.5,0.5,NA,1.5,0.5,0.5,NA,NA,NA,NA,NA,NA,NA,"M32A","Y",NA,NA,"N",NA,NA,NA,NA,NA,NA,NA,"",108,NA
29,"HA n31",61,"61A","0A","LPC","14/07/2012",14,7,2012,"17/07/2012",17,7,2012,"FISH",NA,"10:00","11:00","RIO BLANCO","61A",1,"Y","PANTHER;LUCKY;BULLY","M61A;F61B;F61C",3,"N","ANIMAL (GIBNUT)DID NOT COUL","MACHETE",NA,"DEER",NA,NA,NA,1,NA,NA,NA,0,NA,NA,NA,"10:15",NA,NA,NA,"DOGS",0,NA,NA,NA,NA,NA,NA,NA,1,NA,NA,NA,NA,0.25,NA,NA,NA,0.25,NA,NA,NA,NA,NA,NA,NA,NA,NA,"M46B","N","N",NA,NA,NA,NA,NA,NA,NA,NA,NA,"",109,NA
30,"HA n32",75,"75A","0A","LPC","16/07/2012",16,7,2012,"22/07/2012",22,7,2012,"HUNT",NA,"17:00","00:30","TREE WHERE ALFREDO MES HUNTEDTWO GIBNUT 2 OR 3 WEEKS AGO, THEY READED THE SPOT AT 6:30 AND LEFT IT 11:00 PM"," 75A;40A",2,"N",NA,NA,NA,"N","ANIMAL NOT ARRIVED","MACHETE",NA,"GIBNUT",NA,NA,NA,2,NA,NA,NA,0,NA,NA,NA,NA,NA,NA,NA,NA,0,NA,NA,NA,NA,NA,NA,NA,NA,NA,NA,NA,NA,NA,NA,NA,NA,NA,NA,NA,NA,NA,NA,NA,NA,NA,NA,NA,"N",NA,"YES, MAMEY FRUIT, 3 ELEUTERIO MES Y 4 ENRIQUE COY",NA,NA,NA,NA,NA,NA,NA,NA,"",111,NA
31,"HA n33",2,"2A","0A","LPC","18/07/2012",18,7,2012,"22/07/2012",22,7,2012,"HUNT",NA,"17:45","22:30","PASSING NOEL'S FARM AN THE WEST SIDE BY DRINK THE ALREADY CHECQUED","2A;40A",2,"N",NA,NA,NA,"N","ANIMAL NOT ARRIVED","GUN","40A","GIBNUT",NA,NA,NA,1,NA,NA,NA,0,NA,NA,NA,NA,NA,NA,NA,"EVIDENCE OF ANIMAL EATING IN THE SITE",0,NA,NA,NA,NA,NA,NA,NA,NA,NA,NA,NA,NA,NA,NA,NA,NA,NA,NA,NA,NA,NA,NA,NA,NA,NA,NA,NA,NA,NA,NA,NA,NA,NA,NA,NA,NA,NA,NA,"",112,NA
32,"HA n34",5,"5A","0A","LPC","20/07/2012",20,7,2012,"21/07/2012",21,7,2012,"HUNT",NA,NA,NA,"ROAD SAN JOSE","5A;26A;26C;M45A",4,"Y","BARZIN;BLACKIE;CHICPECK;YELLOW;UNKNOWN;SPIKEY;TIGER;GIRLIE","M5A;M5B;M5C;M5D",8,"Y",NA,"GUN","8A","PECCARY",NA,NA,NA,1,NA,NA,NA,1,NA,NA,NA,NA,NA,NA,NA,"DOGS",30,NA,NA,NA,"MALE",NA,NA,NA,2,NA,NA,NA,NA,NA,NA,NA,NA,NA,NA,NA,"N",NA,NA," NO, CABJARS KEPT AN SINCE PEOPLE THE EAT THAT","",NA,"26C","M26A","Y",NA,"ONE THE PECCARY RUN AWAY",NA,"Y","AT HOME",NA,NA,"Y","ONE ON THE FOR ONE DOG BUT NOT BIG WOAND",NA,"",114,NA
33,"HA n35",2,"2A","0A","LPC","20/07/2012",20,7,2012,"22/07/2012",22,7,2012,"HUNT",NA,"17:30","22:00","SAME PLACE CHECKED WITH ELEUTERIO MES ON JULIO 18 2012"," 2A;4A",2,"N",NA,NA,NA,"N","JUSTATE ""DONE IT ALREADY Alfredo put the light on it and one eye they could see, then it went into the bush and he could not make the shet","MACHETE","40A",NA,NA,NA,NA,NA,NA,NA,NA,NA,NA,NA,NA,NA,NA,NA,NA,NA,NA,NA,NA,NA,"",NA,NA,NA,NA,NA,NA,NA,NA,NA,NA,NA,NA,NA,NA,NA,NA,NA,NA,NA,NA,NA,NA,NA,NA,NA,NA,"CORN",NA,NA,NA,NA,NA,NA,NA,"YES, ALFREDO BACKED SOME CORN WITH LUIS HORSE",113,NA
34,"HA n36",61,"61A","0A","LPC","21/07/2012",21,7,2012,NA,NA,NA,NA,"FARM",NA,NA,NA,"ROAD THE BLUE CREEK","61A;18A",2,"Y","PANTHER;LUCKY;BULLY","M61A;F61B;F61C",3,"N",NA,"MACHETE",NA,NA,NA,NA,NA,NA,NA,NA,NA,NA,NA,NA,NA,NA,NA,NA,NA,NA,NA,NA,NA,NA,"",NA,NA,NA,NA,NA,NA,NA,NA,NA,NA,NA,NA,NA,NA,NA,NA,NA,NA,NA,NA,NA,NA,NA,NA,NA,NA,NA,NA,NA,NA,NA,NA,NA,NA,"",115,NA
35,"HA n37",26,"26A","0A","LPC","22/07/2012",22,7,2012,"22/07/2012",22,7,2012,"HUNT",NA,"08:00","14:40","ROAD TO SAN JOSE, RIO BLANCO"," 26A;72A;45A;6A;5A",5,"Y","BARZIN;BLACKIE;CHICPECK;YELLOW;UNKNOWN;UNKNOWN;SPIKEY;TIGHE;PUPPIESHEER;WHITEY;BUUT;PUPPIE","M26A;M26B;M45A;M45B;M45D;F45C;F45B;M6A;M5A;M5B;M5C",14,"Y","TO MANY DOGS","GUN","38A;70A;8A","PECCARY","PECCARY",NA,NA,1,1,NA,NA,1,0,NA,NA,NA,NA,NA,NA,NA,50,0,NA,NA,"MALE",NA,NA,NA,NA,NA,NA,NA,NA,1.5,NA,NA,NA,1.5,NA,NA,NA,NA,NA,"Y","26A;72A;45A;6A;5A","45A ONE LEG,PART AFTER BACK","5A","M5A;M5B;M5C","Y","Y","FIRST GUN (BASILIO'S) NOT WORKING PROPERLY, THEY TRIED THE NEXT GUN (HIPOLITO?S AND THEY KILLER","N","Y","AT HOME",NA,NA,NA,NA,NA,"",116,NA
36,"HA n38",5,"5A","0A","LPC","25/07/2012",25,7,2012,"27/07/2012",27,7,2012,"HUNT","BUT ALSO MONTAING FARM SINCE","07:20","12:00","TCOTZILCOL","26A;45A;5A;6A;5C",5,"Y","SPIKEY;TIGER;WHITEY;CHICPECK;BLACKIE;BARZIN;YELLOW","M5C;M5B;M5A;M5D;M26A;M26B;M45A",7,"Y","CHASE","GUN",NA,"PECCARY",NA,NA,NA,1,NA,NA,NA,1,NA,NA,NA,NA,NA,NA,NA,NA,42.5,NA,NA,NA,"MALE",NA,NA,NA,2,NA,NA,NA,"00:10",NA,NA,NA,NA,0.33,NA,NA,"N",NA,NA,NA,NA,NA,"5C",NA,NA,"Y","MISSED, SHOT TOO LOW",NA,"Y","AFTER KILLING",NA,NA,NA,NA,NA,"",120,NA
37,"HA n39",81,"81A","0A","LPC","25/07/2012",25,7,2012,"26/07/2012",26,7,2012,"HUNT",NA,"07:00","13:00","OKEB HA AND WILLS CLOSE BY","49C;29A;30C",3,"Y","ROCKY;WHISKER;GREY;NENE;CUN","F31A;M30B;M29A;F49A;F49B;F49C",5,"Y",NA,"MACHETE","81A","GIBNUT","ARMADILLO","ARMADILLO","GIBNUT",1,1,1,1,0,1,1,0,"09:00","10:00","10:30","11:00",NA,0,7,6,0,NA,"MALE;FEMALE",NA,NA,NA,NA,NA,NA,"10:58",1,0.5,NA,NA,NA,NA,NA,"N",NA,NA,NA,NA,NA,NA,NA,NA,NA,NA,NA,NA,NA,NA,NA,NA,NA,NA,"",118,NA
38,"HA n40",45,"45A","0A","LPC","26/07/2012",26,7,2012,"26/07/2012",26,7,2012,"HUNT",NA,"07:40","13:00","WEST SIDE SC","45A",1,"N",NA,NA,NA,"Y",NA,"MACHETE","45A","ARMADILLO","ARMADILLO",NA,NA,1,1,NA,NA,1,1,NA,NA,"10:00","10:00",NA,NA,"TRACKS",20,8,NA,NA,NA,NA,NA,NA,1,1,NA,NA,"10:00",0.5,0.58,NA,"10:30",0.5,0.58,NA,NA,NA,NA,NA,NA,NA,NA,NA,NA,NA,NA,NA,NA,NA,NA,NA,NA,NA,NA,"",119,NA
39,"HA n41",45,"45A","0A","LPC","07/07/2012",7,7,2012,"24/07/2012",24,7,2012,"HUNT",NA,"09:00","12:30","BY THE FIELD GRASS OF FCO.CAJGON. RIVER WAS FLOODED SO, HILARIO AND ARAM SPLITED THE LATTER WAITED FOR THE PECCARYAWAY FROM THE BLANCO","45A;26A",2,"Y","SPIKEY;TIGER;GIRLIE","M26A;M26B;M26C",3,"N",NA,"GUN","26A","PECCARY","ARMADILLO",NA,NA,6,1,NA,NA,0,0,NA,NA,"",NA,NA,NA,"DOGS AND SPLITTING STRATEGY",0,0,NA,NA,NA,NA,NA,NA,1,NA,NA,NA,NA,0.08,NA,NA,"",NA,NA,NA,NA,NA,NA,NA,NA,NA,NA,NA,NA,"Y","GUN FAILED, TWO AIMS, BUT COULD NEVER GET LOAD ARAM WAS STANDING ON A ROCK SO BE NOT REALIGOOD","N",NA,NA,NA,NA,NA,NA,NA,"",104,NA
40,"HA n42",29,"29A","0A","LPC","31/07/2012",31,7,2012,"01/08/2012",1,8,2012,"HUNT",NA,"09:00","10:30","HIPOLITO'S FARM","29A;30C",2,"Y","ROCKY; WHISKER;NITZ;BRUNO;UNKNOWN;UNKNOWN","M29A;M30B;F31A;M30A",6,"Y",NA,"MACHETE","29A","ARMADILLO",NA,NA,NA,1,NA,NA,NA,1,NA,NA,NA,"09:30",NA,NA,NA,"DOG",10,NA,NA,NA,NA,NA,NA,NA,1,NA,NA,NA,"09:35",0.08,NA,NA,"09:45",0.25,NA,NA,"N",NA,NA,"LIVING IN SAME HOUSEHOLD","",NA,"30C","F31A","N","N",NA,"N","N",NA,NA,NA,NA,NA,NA,"",124,NA
41,"HA n43",45,"45A","0A","LPC","24/07/2012",24,7,2012,"24/07/2012",24,7,2012,"HUNT","CHECAR","08:00","14:00","SAN JOSE ROAD BETWEN JUAN CHOC FARM","45A;26A;26C",3,"Y","TIGER;BUUT;PUPPIEHE;PUPPIESHE;SPIKEY;TIGER;GIRLIE","M45B;F46B;M45D;F45C;M26A;M26B;M26C",7,"N","DEER TO FAS, 50 YARDS AWAY. ARAM SAID IF 25 YARDS CLOSE COULD SHOOTOTHEN HE ALSO SAID HIS FATHER COMING FROM ONE SIDE (AFTER SPLITTRING) CAME HOWLING THE DOGS TO CHASE AND WAS MAKINIG A LOT OF NOISE AND WHEN THE DEERS (X2) HEAR HIM THEY, RAM","GUN","38A ","DEER","PECCARY",NA,NA,1,1,NA,NA,0,0,NA,NA,"12:45",NA,NA,NA,"PREY APPAREAD WHEN TRIYING TO FIND THE PECCARY ON THE WAY BACK HOME",0,0,NA,NA,NA,NA,NA,NA,NA,NA,NA,NA,NA,0.25,NA,NA,"",0.5,NA,NA,NA,NA,NA,NA,NA,NA,NA,NA,NA,"N","ANIMAL FOR ONLY TRACKS","N",NA,NA,NA,NA,NA,NA,NA,"",117,NA
42,"HA n44",32,"32A","0A","LPC","29/07/2012",29,7,2012,"10/08/2012",10,8,2012,"HUNT AND FISH",NA,"09:00","18:30","BEHIND SC, TRAIL FROM THEIR HOUSE ALL THE WAY TO RIO BLANCO.","32A;32E;32D;32F",4,"Y","PUPPIE;SPARKY;NENE","M32A;M23E;F32D",3,"Y","LONG TIME DIGGING (PERSISTENCE) CATARINO, FRANCISCO AND FELIPE FOR THE FLASH LIGHT SO THEY COLUD DIG AND WALT THE BUSH","MACHETE",NA,"AGOUTI","AGOUTI","ARMADILLO",NA,1,1,5,NA,0,0,5,NA,"09:00","11:00","15:00",NA,"DOGS",0,0,37,NA,NA,NA,"FEMALE AND MALE",NA,1,1,1,NA,"15:00-18:00",1,1.5,3,"15:00",NA,NA,3,"N",NA,NA,NA,NA,NA,"32A","M32A","Y","N","ONE ARMADILLO ALMOST ESCAPED BUT  MR. CHANEB HOLD IT BY THE TOVIL, FCO PUSLED IT WITH  HIS FOOT AND PUPPIE BITE UTLS LEAD AND THIS ONE WENT BACK TO THE HOLE.",NA,"Y","AFTER COOKING","BONES","","Y","M32A",NA,"",122,NA
43,"HA n45",32,"32A","0A","LPC","29/07/2012",29,7,2012,"09/08/2012",9,8,2012,"HUNT",NA,"07:30","11:00","BEHIND ANGEL CAJBON Ä?","32A;32E;32D;32F",4,"Y","PUPPIE;NENE;SPARKY","M32A;M23E;F32D",3,"Y","DOGS","MACHETE",NA,"AGOUTI",NA,NA,NA,2,NA,NA,NA,1,NA,NA,NA,"08:30",NA,NA,NA,"DOGS",5,NA,NA,NA,NA,NA,NA,NA,2,NA,NA,NA,"09:00",0.5,NA,NA,NA,NA,NA,NA,"N",NA,NA,NA,NA,NA,NA,NA,"N","N",NA,NA,"Y","AFTER COOKING","",NA,NA,NA,NA,"",121,NA
44,"HA n46",73,"73C","0A","LPC","30/07/2012",30,7,2012,NA,NA,NA,NA,"HUNT",NA,NA,NA,"FCO. CAJBON GRASSES","73C",1,"Y","TIGER;SALLY","M73A;M73B",2,"N",NA,"MACHETE",NA,"ARMADILLO","PECCARY",NA,NA,1,1,NA,NA,0,0,NA,NA,NA,NA,NA,NA,NA,0,0,NA,NA,NA,NA,NA,NA,NA,NA,NA,NA,NA,NA,NA,NA,NA,NA,NA,NA,NA,NA,NA,NA,NA,NA,NA,NA,NA,NA,NA,NA,NA,NA,NA,NA,NA,NA,NA,"Persiguieron un armadillo pero los perros en su camino encontraron un peccary el cual lo mataron y se lo comieron, si hubo una matanza pero no fue aprovechada por el cazador pero si por los perros. No se obtiene peso debido a que se desconoce el tama–o del peccary ya que los perros lo consumieron de inmediato y se perdio la fisonomia(tama–o) real del animal.",123,NA
45,"HA n47a",5,"5A","0A","LPC","03/08/2012",3,8,2012,"04/08/2012",4,8,2012,"HUNT","CHEKINS FARM, TRY REPAIRED GUN FOR HILARIO","07:30","11:00",NA,"5A;5C;5D;6A;26A;28A;45A;26C",8,"Y","BARZIN;CHICPECK;BLACKIE;YELLOW;SPIKEY;TIGER;GIRLIE;WHITEY;TIGER","M26A;M26B;M5C;M5B;M5A;M5D;M45B;M45A",8,"Y",NA,"GUN","26A","PECCARY",NA,NA,NA,1,NA,NA,NA,1,NA,NA,NA,NA,NA,NA,NA,NA,30,NA,NA,NA,"FEMALE",NA,NA,NA,NA,NA,NA,NA,"09:30",NA,NA,NA,"10:30",1,NA,NA,NA,NA,NA,"Y",NA,NA,"","M5A;M5B;M5C",NA,"N",NA,NA,"Y","","FAT",NA,NA,NA,NA,"",128,NA
46,"HA n47b",26,"26A","0B","ECH","09/08/2012",9,8,2012,NA,NA,NA,NA,"HUNT",NA,NA,NA,"HIPOLITO'S FARM","45A;5A;6A",3,"Y","SPIKEY;TIGER;CHICPECK;BLACKIE;BARZIN;YELLOW;TIGER;BUUT;PUPPIEHE;PUPPIESHE","M26A;M26B;M5C;M5B;M5A;F5D;M45B;F46B;F45C;M45D",10,"Y","DOGS AND GUN","GUN","26A","PECCARY","PECCARY",NA,NA,1,1,NA,NA,1,1,NA,NA,NA,NA,NA,NA,NA,41.8,41.8,NA,NA,"",NA,NA,NA,NA,NA,NA,NA,NA,NA,NA,NA,NA,NA,NA,NA,NA,NA,NA,"Y",NA,NA,"5A;6A",NA,NA,NA,NA,NA,NA,NA,NA,NA,NA,NA,NA,"",130,NA
47,"HA n48",48,"48A","0A","LPC","02/08/2012",2,8,2012,"08/08/2012",8,8,2012,"HUNT","CHECKING FARM STOP ANIMALS EATING CORN",NA,NA,"LUIS FARM","40A",1,"N",NA,NA,NA,"N",NA,"GUN",NA,NA,NA,NA,NA,NA,NA,NA,NA,NA,NA,NA,NA,NA,NA,NA,NA,NA,NA,NA,NA,NA,"",NA,NA,NA,NA,NA,NA,NA,NA,NA,NA,NA,NA,NA,NA,NA,NA,NA,NA,NA,NA,NA,NA,NA,NA,NA,NA,NA,NA,NA,NA,NA,NA,NA,NA,"",125,NA
48,"HA n49",63,"63A","0A","LPC","02/08/2012",2,8,2012,"10/08/2012",10,8,2012,"HUNT",NA,NA,NA,"ON THE WAT TO SANTA ELENA, TRAILS","63A;61A;62A",3,"Y","PANTHER;LUCKY;BULLY","M61A;F61B;F61C",3,"Y",NA,"MACHETE",NA,"ARMADILLO",NA,NA,NA,1,NA,NA,NA,1,NA,NA,NA,NA,NA,NA,NA,NA,8,NA,NA,NA,"FEMALE",NA,NA,NA,NA,NA,NA,NA,NA,NA,NA,NA,NA,NA,NA,NA,NA,NA,NA,NA,NA,NA,NA,NA,NA,NA,NA,NA,NA,NA,NA,NA,NA,NA,NA,"",126,NA
49,"HA n50",8,"8A","0A","LPC","13/08/2012",13,8,2012,"13/08/2012",13,8,2012,"HUNT",NA,"04:30","08:30","RAYMUNDO'S FARM (TZOTSICOL 2012 GPS)","8A;9A",2,"N",NA,NA,NA,"Y","GUN THEY CHECKED AND FOUND VITAW TRACKS LAST WECK","GUN","8A;9A","PECCARY",NA,NA,NA,4,NA,NA,NA,1,NA,NA,NA,NA,NA,NA,NA,"TRACKS",40,NA,NA,NA,"MALE",NA,NA,NA,NA,NA,NA,NA,NA,NA,NA,NA,NA,NA,NA,NA,"N",NA,"00:26","Y","8A;9A",NA,NA,NA,"N","N",NA,NA,NA,"","FAT",NA,NA,NA,NA,"",NA,NA
50,"HA n51",28,"28A","0A","LPC","03/08/2012",3,8,2012,"09/08/2012",9,8,2012,"HUNT",NA,"08:30","10:30","STARTED BY HIPOLITO`S FARM ENDED UP BY BIG MOUNTAN CLOSE TO STA.ELENA BRIDGE","28A;26A;45A;26C;72A",5,"Y","TIGER;BUUT;PUPPIEHE;PUPPIESHE;BOXNI;TWIN_BOXNI;TWIN;TIGER","M26B;M45B;F46B;F45C;M45D;F28A;F28B;F28C",8,"Y","GUN AND CHASE","GUN","26A","PECCARY","DEER",NA,NA,1,1,NA,NA,1,0,NA,NA,NA,NA,NA,NA,"TRACKS AND DOGS",40,0,NA,NA,"FEMALE",NA,NA,NA,2,1,NA,NA,"09:00-10:00",NA,NA,NA,"09:00-10:00",NA,NA,NA,"N",NA,NA,"Y","28A;26A;45A;72A","","26A;28A",NA,NA,"Y","WISSED, SHOT HIT NOT KILLER",NA,"Y","AFTER KILLER","FAT",NA,"N",NA,NA,"",134,NA
51,"HA n52",5,"5A","0A","LPC","06/08/2012",6,8,2012,NA,NA,NA,NA,NA,NA,NA,NA,NA,NA,NA,NA,NA,NA,NA,"N",NA,"GUN",NA,"PECCARY",NA,NA,NA,1,NA,NA,NA,1,NA,NA,NA,NA,NA,NA,NA,NA,NA,NA,NA,NA,NA,NA,NA,NA,NA,NA,NA,NA,NA,NA,NA,NA,NA,NA,NA,NA,NA,NA,NA,NA,NA,NA,NA,NA,NA,NA,NA,NA,NA,NA,NA,NA,NA,NA,NA,"ESTA ENTREVISTA NO ESTA EN LA BASE DEL LPC.",NA,NA
52,"HA n53",73,"73A","0A","LPC","14/08/2012",14,8,2012,"14/08/2012",14,8,2012,"OTHER","GATHER TIE TIE(ROPE TO TIE PIG PEN)","07:00","14:00","BEHIND APOLONIO'S TZONTZIL COL.2012","73A;73C",2,"Y","TIGER;SALLY;BARZI","M73A;F73B;M73C",3,"Y","DOGS AND READY DO ATTACK","MACHETE",NA,"DEER","ARMADILLO",NA,NA,1,1,NA,NA,1,1,NA,NA,NA,NA,NA,NA,"DOGS",100,25,NA,NA,"MALE","MALE;FEMALE",NA,NA,1,1,NA,NA,NA,NA,NA,NA,NA,NA,NA,NA,NA,NA,NA,NA,NA,NA,NA,NA,NA,NA,NA,NA,NA,NA,NA,NA,NA,NA,NA,"",135,NA
53,"HA n54",28,"28A","0A","LPC","14/08/2012",14,8,2012,"17/08/2012",17,8,2012,"HUNT",NA,"20:00","23:30","SANT ASLI TAREM (GPS TZOTZIL COL 2012)","28A",1,"N",NA,NA,NA,"N","BUSLEY TOO LIGHT","GUN",NA,"PECCARY",NA,NA,NA,4,NA,NA,NA,0,NA,NA,NA,NA,NA,NA,NA,"SOUNDS",0,NA,NA,NA,"",NA,NA,NA,1,NA,NA,NA,NA,NA,NA,NA,NA,NA,NA,NA,NA,NA,NA,NA,NA,NA,NA,NA,NA,NA,NA,NA,NA,NA,NA,NA,NA,NA,NA,"",136,NA
54,"HA n55",65,"65C","0B","ECH","18/08/2012",18,8,2012,"18/08/2012",18,8,2012,"HUNT",NA,"09:00","14:00","SANT.CHOCOH","65A;65C;65D;65E;65",5,"Y","TZAJ;TYAG;EATER;MICKEY;GERMAN_SHEPHERD","",5,"Y","DOGS","MACHETE","65A;66A","PECCARY",NA,NA,NA,9,NA,NA,NA,2,NA,NA,NA,NA,NA,NA,NA,"TRACKS AND DOGS",70,70,NA,NA,"FEMALE","MALE",NA,NA,1,NA,NA,NA,"10:00",0.5,NA,NA,NA,NA,NA,NA,"N",NA,NA,NA,NA,NA,"65C",NA,"N","Y","MISSED SHOT, HIT BUT NOT KILLER","N","N",NA,NA,NA,"Y",NA,NA,"",139,NA
55,"HA n56",32,"32A","0A","LPC","14/08/2012",14,8,2012,"18/08/2012",18,8,2012,"HUNT",NA,"18:30","23:30","CATARINO'S FARM","32A;30A",2,"N",NA,NA,NA,"N","ANIMAL QUASH, DID NOT COME","GUN","8A",NA,NA,NA,NA,NA,NA,NA,NA,NA,NA,NA,NA,NA,NA,NA,NA,"TRACKS",NA,NA,NA,NA,"",NA,NA,NA,NA,NA,NA,NA,NA,NA,NA,NA,NA,NA,NA,NA,NA,NA,NA,NA,NA,NA,NA,NA,NA,NA,NA,NA,NA,NA,NA,NA,NA,NA,NA,"",137,NA
56,"HA n57",5,"5A","0A","LPC","18/08/2012",18,8,2012,"19/08/2012",19,8,2012,"HUNT",NA,"06:30","09:30","SANTIAGO ASH FARM","5A;6A;9A;28A",4,"Y","BARZIN;CHIC PEACK;BLACKIE;YELLOW;UNKNOWN;UNKNOWN;UNKNOWN","M5A;M5C;M5B",7,"Y",NA,"GUN","9A","PECCARY",NA,NA,NA,1,NA,NA,NA,1,NA,NA,NA,NA,NA,NA,NA,NA,40,NA,NA,NA,"MALE",NA,NA,NA,1,NA,NA,NA,NA,NA,NA,NA,NA,NA,NA,NA,NA,NA,NA,NA,NA,NA,NA,NA,NA,NA,NA,NA,NA,NA,NA,NA,NA,NA,NA,"",140,NA
57,"HA n58a",73,"73C","0A","LPC","04/10/2012",4,10,2012,"04/10/2012",4,10,2012,"FARM","PLANTING BEANS",NA,NA,"MALASIAN ROAD, CLOSE SILVERIO POP FARM ","73C;73A;71A",3,"Y","TIGER;TULIO;SALLY","M73A;M73D",3,"Y","DOGS","MACHETE",NA,"ARMADILLO",NA,NA,NA,1,NA,NA,NA,1,NA,NA,NA,NA,NA,NA,NA,"DOGS",8,NA,NA,NA,"FEMALE",NA,NA,NA,NA,NA,NA,NA,NA,NA,NA,NA,NA,0.5,NA,NA,"N",NA,NA,NA,NA,NA,"73C","73C","N","N","LIDE NOT DEEP","Y",NA,NA,NA,NA,NA,NA,NA,"",157,NA
58,"HA n58b",45,"45A","0A","LPC","19/08/2012",19,8,2012,"19/08/2012",19,8,2012,"HUNT",NA,"08:00","12:30","WHERE WE TRIED TO HUNT AGOUTI THIS WEEK","M26A;M28A;M45A",3,"Y","WHITEY;PUPPIESHE;TIGER;PUPPIEHE;SPIKEY;TIGER;BOXNI;TWIN_BOXNI;TWIN_;NENE;BUUT","F45A;F45C;M45B;M45D;M26A;M26B;F28A;F28B;F28D",10,"Y","DOGS","GUN","29A","PECCARY","AGOUTI","ARMADILLO",NA,1,1,1,NA,0,1,1,NA,"09:00","09:30","11:00","","TRACKS;SCENTS;DOGS",0,8,20,NA,"FEMALE","MALE",NA,NA,1,1,1,NA,"09:30-10:00",0.16,NA,NA,NA,NA,NA,NA,"N",NA,NA,"Y","29A;28A;45A",NA,"45A","F45A;M45B;M26B",NA,NA,NA,NA,"Y","AT HOME","GUTS",NA,NA,NA,NA,"",141,NA
59,"HA n59a",5,"5A","0A","LPC","26/09/2012",26,9,2012,"29/09/2012",29,9,2012,"HUNT","BREACK CORN","07:00","14:30","HILARIO'S TZOTZIL COL, GOT KTAM BY HIGINIO'S FARM BUT LONG CHASE","5A;26A;45A",3,"Y","BARZIN;BLACKIE;CHICPECK;WHITEY;PUPPIESHE;TIGER;PUPPIEHE;TIGER;YELLOW;BUUT","M5A;M5B;M5C;F45A;F45C;M45B;M45D;M26B",10,"Y","LONG CHASE","GUN","26A","PECCARY",NA,NA,NA,1,NA,NA,NA,1,NA,NA,NA,"08:00",NA,NA,NA,"DOGS",45,NA,NA,NA,"MALE",NA,NA,NA,1,NA,NA,NA,"14:30",6.5,NA,NA,NA,6.5,NA,NA,NA,NA,NA,"Y","5A;26A;45A",NA,"45A","M5A;M5B;M5C","N","N",NA,"N","Y","AFTER KILLING","FAT",NA,"N",NA,NA,"",153,NA
60,"HA n59b",57,"57A","0A","LPC","10/11/2012",10,11,2012,"28/11/2012",28,11,2012,"HUNT",NA,"12:00","15:00","CU SHAAU","57A;58A;58C",3,"Y","CANELA;PILURI;CHELIE;TULIBON","F58C;M58B;F58A;M58D",4,"Y","DOGS","MACHETE",NA,"GIBNUT",NA,NA,NA,1,NA,NA,NA,1,NA,NA,NA,"14:00",NA,NA,NA,"DOGS",30,NA,NA,NA,"MALE",NA,NA,NA,NA,NA,NA,NA,"14:10",4,NA,NA,"14:40",NA,NA,NA,"N",NA,NA,"Y","57A;58A",NA,"58A","58C","N","N",NA,"N",NA,NA,NA,NA,"N",NA,NA,"",167,NA
61,"HA n60ai",38,"38A","0A","LPC","17/09/2012",17,9,2012,"23/09/2012",23,9,2012,"HUNT",NA,"07:45","15:00",NA,"38A;37C",2,"N",NA,NA,NA,"N","ANIMALS DID NOT ARRIVED MAYBE BECUASE OF THR THUNDERS","GUN",NA,"GIBNUT",NA,NA,NA,1,NA,NA,NA,0,NA,NA,NA,NA,NA,NA,NA,NA,NA,NA,NA,NA,NA,NA,NA,NA,NA,NA,NA,NA,NA,NA,NA,NA,NA,NA,NA,NA,NA,NA,NA,NA,NA,NA,NA,NA,NA,NA,NA,"JUTE",NA,NA,NA,NA,NA,NA,NA,"",149,NA
62,"HA n60aii",38,"38A","0A","LPC","19/09/2012",19,9,2012,"23/09/2012",23,9,2012,"HUNT",NA,"17:00","02:00",NA,"38A;37C",2,"N",NA,NA,NA,"N","ANIMALS DID NOT ARRIVED MAYBE BECUASE OF THR THUNDERS","GUN",NA,"GIBNUT",NA,NA,NA,1,NA,NA,NA,0,NA,NA,NA,NA,NA,NA,NA,NA,0,NA,NA,NA,NA,NA,NA,NA,NA,NA,NA,NA,NA,NA,NA,NA,NA,NA,NA,NA,NA,NA,NA,NA,NA,NA,NA,NA,NA,NA,NA,NA,NA,NA,NA,NA,NA,NA,NA,"",151,NA
63,"HA n60b",57,"57A","0A","LPC","18/11/2012",18,11,2012,"28/11/2012",28,11,2012,"HUNT",NA,"12:00","14:00","CU SHAAU","57A;58A;58",3,"Y","CHELIE;TULIBON;CANELA;PILURI","F58C;F0A;M58B;F58A",4,"Y","DOGS","MACHETE",NA,"GIBNUT",NA,NA,NA,1,NA,NA,NA,1,NA,NA,NA,"13:30",NA,NA,NA,"DOGS",35,NA,NA,NA,"FEMALE",NA,NA,NA,NA,NA,NA,NA,NA,NA,NA,NA,NA,NA,NA,NA,"N",NA,NA,NA,NA,NA,"","58A","N","N",NA,"N",NA,NA,NA,NA,"N",NA,NA,"",169,NA
64,"HAn61a",54,"54C","0A","LPC","10/08/2012",10,8,2012,"08/09/2012",8,9,2012,"OTHER","GET MACAPAL","07:00","12:00","TRAIL BY THE WIDE HOUSE(PRUDENCIO)HUNT CLOSE TO SUSANO'S FARM AND RIO BLANCO","54D;54C",2,"Y","UNKNOWN;UNKNOWN;UNKNOWN;UNKNOWN","M54A;F54B;F54C;54",4,"Y","DOGS","MACHETE",NA,"ARMADILLO","ARMADILLO",NA,NA,1,1,NA,NA,1,1,NA,NA,"09:00",NA,NA,NA,"DOGS",10,18,NA,NA,"FEMALE","FEMALE",NA,NA,1,NA,NA,NA,"09:15",NA,NA,NA,NA,NA,NA,NA,"N",NA,NA,NA,NA,NA,"54C",NA,"Y","Y",NA,"MACAPAL","",NA,NA,NA,NA,NA,NA,"A LITTLE BIT OF MACAPAL",131,NA
65,"HA n61bi",46,"46A","0A","LPC","27/11/2012",27,11,2012,"28/11/2012",28,11,2012,"OTHER","SETTING TRAPE FOR THE GROUND MOLE",NA,NA,"AAX VIN COL ","46A",1,"N",NA,NA,NA,"Y","GOOD TRAP","TRAP",NA,"GROUND MOLE",NA,NA,NA,1,NA,NA,NA,1,NA,NA,NA,"13:00",NA,NA,NA,"SET TRAP",1,NA,NA,NA,"MALE","MALE",NA,NA,NA,NA,NA,NA,NA,NA,NA,NA,NA,NA,NA,NA,"N",NA,NA,NA,NA,NA,NA,NA,NA,NA,NA,NA,"",NA,NA,NA,NA,NA,NA,"",170,NA
66,"HA n61bi",46,"46A","0A","LPC","28/11/2012",28,11,2012,"28/11/2012",28,11,2012,"OTHER","SETTING TRAPE FOR THE GROUND MOLE",NA,NA,"AAX VIN COL ","46A",1,"N",NA,NA,NA,"Y","GOOD TRAP","TRAP",NA,"GROUND MOLE",NA,NA,NA,3,NA,NA,NA,3,NA,NA,NA,"","","","","",3,NA,NA,NA,"","","",NA,NA,NA,NA,NA,"",NA,NA,NA,"",NA,NA,NA,"","","","","","","","","","","",NA,"","","","","","",NA,"",171,NA
67,"HAn62b",45,"45A","0A","LPC","11/09/2012",11,9,2012,"12/09/2012",12,9,2012,"HUNT",NA,"08:00","12:30","PABLO POP FARM","45A;26A;26C",3,"Y","TIGER;TIGER;PUPPIESHE","M26B;M45B;F45C",3,"Y","GUN AND GOOD POSITION","GUN","26A","DEER","PECCARY",NA,NA,1,1,NA,NA,0,1,NA,NA,"09:00","10:30",NA,NA,"TRACKS AND DOGS",0,50,NA,NA,"MALE",NA,NA,NA,1,2,NA,NA,NA,NA,NA,NA,NA,NA,NA,NA,"N",NA,NA,NA,NA,NA,"26C","M45B;M26B",NA,"Y","DEER, NO GUN STOVE MADET BUT ONLY HIT ON ONE SIDE","N","Y","AFTER KILLING",NA,NA,"N",NA,NA,"",146,NA
68,"HAn62b",49,"49C","0A","LPC","28/11/2012",28,11,2012,"30/11/2012",30,11,2012,"HUNT",NA,"07:00","12:00","WHERE HE HAS HIS TEOTZIL 2012","49C",1,"Y","NENE;CUN;UNKNOWN;UNKNOWN","F46A;F49C",4,"Y","DOGS FIND ARRIVED FOLLAING TRACKS","MACHETE",NA,"ARMADILLO","GIBNUT",NA,NA,1,1,NA,NA,1,1,NA,NA,"10:00","11:30",NA,NA,"TRACKS",20,30,NA,NA,"MALE","FEMALE",NA,NA,1,1,NA,NA,NA,NA,NA,NA,NA,0.5,NA,NA,"Y",NA,NA,NA,NA,NA,"49C","F46A",NA,"N",NA,"N","N","AFTER COOKING","BONES","AN OFTHEN","N",NA,NA,"",172,NA
69,"HAn63",45,"45A","0A","LPC","29/11/2012",29,11,2012,"29/11/2012",29,11,2012,"HUNT","SOUTHEAST OF SC","08:00","14:20",NA,"45A;49C",2,"Y","TIGER;PUPPIESHE;PUPPIEHE;NENE;CUN;UNKNOWN;UNKNOWN","M45B;F45C;M45D;F49B;F49C;M49D;M49E",7,"Y","LONG ","MACHETE",NA,"PECCARY",NA,NA,NA,1,NA,NA,NA,1,NA,NA,NA,"12:00",NA,NA,NA,"TRACKS",35,NA,NA,NA,"FEMALE",NA,NA,NA,1,NA,NA,NA,"12:50",0.8,NA,NA,"13:20",0.5,NA,NA,"Y",NA,NA,"Y",NA,"HALF AND HALF","45A;49C","M45B","N","N",NA,"JIPPI-JAPPA","Y","AFTER KILLING","FAT","M45B","Y","M46D",NA,"KALA (JIPPI-JAPPA)",173,NA
70,"HAn64",58,"58C","0A","LPC","01/12/2012",1,12,2012,"01/12/2012",1,12,2012,"OTHER","COLLECT FIREWOD","08:00","12:00","HIS YAAX KINCOL 2012","58C;58A",2,"Y","CANELA;PILURI;CHELIE;TULIBON","F58A;M58B;F58C;F0A",4,"Y","GOOD POSITION 3 CHASE","MACHETE",NA,"GIBNUT",NA,NA,NA,1,NA,NA,NA,1,NA,NA,NA,"11:00",NA,NA,NA,"DOGS",50,NA,NA,NA,"MALE",NA,NA,NA,1,NA,NA,NA,NA,NA,NA,NA,NA,NA,NA,NA,"N",NA,NA,NA,NA,NA,"58C","M58B;F58C","Y","N",NA,"N","Y","AT HOME",NA,NA,NA,NA,NA,"",175,NA
71,"HAn65",32,"32A","0A","LPC","03/12/2012",3,12,2012,"03/12/2012",3,12,2012,"OTHER","BREACK CORN","12:00","22:00","ISIDORO'S FARM","32A;2D;32E;32F",4,"Y","PUPPIE;SPARKY;NENE","M32A;M32E;F32D",3,"Y","ANIMAL TRAPPED IN THE HOLE, MR. CATARINO CHANEB CLOSED THE ENTRONCE AND WENT HAVE TO GOT EVERYTHING NEEDED LIGHTER.STICKS","MACHETE",NA,"GIBNUT",NA,NA,NA,1,NA,NA,NA,1,NA,NA,NA,"12:00",NA,NA,NA,"DOGS",50,NA,NA,NA,"MALE",NA,NA,NA,1,NA,NA,NA,NA,NA,NA,NA,NA,7,NA,NA,"N",NA,NA,NA,NA,NA,"32A","M32A","N","N",NA,"CORN","Y","AT HOME","BONES","M32A","N",NA,NA,"CORN BROKEN AT THEIR FARM BEFORE THE HUNT",168,NA
72,"HAn66",5,"5C","0A","LPC","02/12/2012",2,12,2012,"04/12/2012",4,12,2012,"HUNT",NA,"08:00","12:00","MALASIAN ROAD AND TRAIL TO THE FARM","5C;5A;6A;5D;26A;28A",6,"Y","BARZIN;CHICPECK;BLACKIE;UNKNOWN;TIGER;BOXNI;TWIN_BOXNI","M5A;M5C;M5B;M6A;M26B;F28A;F28B",7,"Y","EVERY ONE IN PLACE","GUN","26A","DEER","PECCARY",NA,NA,1,1,NA,NA,0,1,NA,NA,"10:00","10:30",NA,NA,"TRACKS AND DOGS",0,30,NA,NA,"FEMALE",NA,NA,NA,1,1,NA,NA,NA,0.5,0.5,NA,NA,NA,0.5,NA,"Y",NA,"01:00","Y","5A;6A;26A;28A",NA,"5C","M5A;M5B;M5C;M5D","Y","N",NA,"N","Y","ARTER KILLING","SCENT","","N",NA,NA,"",176,NA
73,"HAn67",28,"28A","0A","LPC","03/12/2012",3,12,2012,"04/12/2012",4,12,2012,"HUNT",NA,"19:00","20:30","UXBENKA, REGIBALDOS FARM (YAAX KIM 2012)","28A",1,"N",NA,NA,NA,"N","SHOT PECCARY ESCAPED","GUN",NA,"PECCARY",NA,NA,NA,3,NA,NA,NA,0,NA,NA,NA,"20:00",NA,NA,NA,NA,0,NA,NA,NA,NA,NA,NA,NA,NA,NA,NA,NA,NA,NA,NA,NA,NA,NA,NA,NA,NA,NA,NA,NA,NA,NA,NA,NA,NA,"N",NA,NA,NA,NA,NA,NA,NA,NA,NA,"",177,NA
74,"HAn68",45,"45A","0A","LPC","07/12/2012",7,12,2012,"07/12/2012",7,12,2012,"FARM","BUT DOGS FOUND THE KITAM THE WENT AFTER HUMAN PARTY","07:00","12:00","MALASIAN ROAD","45A;5A;6A;5C;5D;26C;M28A",7,"Y","BARZIN;CHICPECK;BLACKIE;YELLOW;UNKNOWN;TIGER;GIRLIE;TIGER;PUPPIEHE;PUPPIESHE","M54;M5C;M5B;M5D;M6A;M45A;M45B;M45C;M26C;M26B",10,"Y","PECCARY WENT IT THE HOLE","GUN","26A","PECCARY","DEER",NA,NA,1,1,NA,NA,1,0,NA,NA,NA,NA,NA,NA,"DOGS",50,0,NA,NA,"MALE",NA,NA,NA,1,1,NA,NA,NA,NA,NA,NA,NA,NA,NA,NA,"Y",NA,NA,"Y","45A;5A;6A;26C",NA,"45A","M5A;M5C;M5B;M5D","Y","N",NA,"N","Y","AFTER KILLING","SCENT","","N",NA,NA,"",179,NA
75,"HAn69",45,"45A","0A","LPC","09/12/2012",9,12,2012,"10/12/2012",10,12,2012,"HUNT",NA,"19:30","23:00","ALBERT'S TZOTZIL COL 2012","45A;28A",2,"N",NA,NA,NA,"Y","SIGHTED THE DEERS","GUN",NA,"DEER","DEER",NA,NA,1,2,NA,NA,1,0,NA,NA,"20:15","20:00",NA,NA,"FARM SPOTLIGHT",65,0,NA,NA,"FEMALE","MALE",NA,NA,2,NA,NA,NA,NA,NA,NA,NA,NA,NA,NA,NA,"N",NA,NA,"Y","45A;28A",NA,"45A",NA,"N","Y",NA,NA,NA,NA,NA,NA,NA,NA,NA,"Vieron tres venados, el primero lo czaron a las 20:30 y los otros dos los avistaron a las 22:00 aram se subio a un arbol de mango y alumbro con la lampara y vio 4 ojos por lo cual disparo en medio de eso 4 ojoa y le dio a un venado hembra, el otro escapo. El venado hembra ya no quisieron volver a dispararle y trataron de lazarlo del cuello pero comenzo a patear y les dio temor acercarse, y clemente le quiso dar con el machete pero el venado al sentir el machete brinco y se les escapo. al siguiente dia volvieron a ver si lo encontraan pero no habia nada.",181,NA
76,"HAn70",73,"73C","0A","LPC","10/12/2012",10,12,2012,"11/12/2012",11,12,2012,"OTHER","CHECKING LUMBER SOMEONE OUT FOR THEM","08:45","16:00","BETWEEN HIGH WAY AND THE BLANCO, GOING TO SANTA ELENA","71A;73A;73C",3,"Y","TIGER;SALLY;BARZI","M73A;M73B;M73C",3,"Y","DOGS AND MEAN TRAPPED IN THE HOLE","MACHETE",NA,"ARMADILLO","GIBNUT",NA,NA,1,1,NA,NA,1,0,NA,NA,"20:30","21:30",NA,NA,"DOGS",12,0,NA,NA,"FEMALE",NA,NA,NA,1,1,NA,NA,NA,0.5,NA,NA,"21:10",0.66,NA,NA,"N",NA,NA,"N",NA,NA,"","M73A","Y","N","CHASE BUT NOT ATTACK WENT IN THE WATER","N","Y","AT HOME","BONES","","N",NA,NA,"",182,NA
77,"HAn71",49,"49C","0A","LPC","12/12/2012",12,12,2012,"14/12/2012",14,12,2012,"HUNT",NA,"07:30","12:00","CLOSE TO YOKBALUM","49C;45C",2,"Y","NENE;PUPPIESHE;PUPPIEHE;GREY;CUN;NENE;UNKNOWN;UNKNOWN","F45C;M45D;F46A;F46B;F49A;F49C;M49D;M49E",8,"Y",NA,"MACHETE",NA,"PECCARY",NA,NA,NA,1,NA,NA,NA,1,NA,NA,NA,NA,NA,NA,NA,NA,35,NA,NA,NA,"FEMALE",NA,NA,NA,1,NA,NA,NA,NA,1,NA,NA,NA,NA,NA,NA,"Y",NA,NA,"Y",NA,"HALF AND HALF","49C;45C","F49A","N",NA,NA,NA,NA,NA,NA,NA,"Y",NA,NA,"",183,NA
78,"HAn72",49,"49C","0A","LPC","13/12/2012",13,12,2012,NA,NA,NA,NA,"HUNT",NA,NA,NA,NA,"49C",1,"Y","GREY;CUN(YELLOW)","F49C;F49A",2,"Y",NA,"MACHETE",NA,"GIBNUT",NA,NA,NA,1,NA,NA,NA,1,NA,NA,NA,NA,NA,NA,NA,NA,9.5,NA,NA,NA,"FEMALE",NA,NA,NA,NA,NA,NA,NA,NA,NA,NA,NA,NA,NA,NA,NA,NA,NA,NA,NA,NA,NA,"",NA,NA,NA,NA,NA,NA,NA,NA,NA,NA,NA,NA,"",186,NA
79,"HAn73",5,"5A","0A","LPC","12/12/2012",12,12,2012,"13/12/2012",13,12,2012,"OTHER","BREAK CORN, BUT WHEN THEY GOT TO THEIR FOR IN THE KITAM WAS ALREADY THEY AND THE DOGS STARTED THE CHASE","06:30","10:30","CESARIO'S FARM TO YA'AX HA","5A;6A;5C;5D",4,"Y","BLACKIE;CHICPECK;BARZIN;YELLOW;UNKNOWN","M5B;M5C;M5A;F5D;M6A",5,"Y","LUCK, ANIMAL IN THE HOLE","GUN","9A","PECCARY",NA,NA,NA,1,NA,NA,NA,1,NA,NA,NA,NA,NA,NA,NA,"DOGS",70,NA,NA,NA,"MALE",NA,NA,NA,NA,NA,NA,NA,NA,NA,NA,NA,NA,NA,NA,NA,"N",NA,NA,NA,NA,NA,"5A","M5B","N",NA,NA,"N",NA,NA,NA,NA,NA,NA,NA,"",184,NA
80,"HAn74",28,"28A","0A","LPC","14/12/2012",14,12,2012,"14/12/2012",14,12,2012,"HUNT","JIPPI-JAPPA","07:00","16:30","NEEK  BEHIND ARAM HOUSE","28A;26A",2,"Y","GIRLIE;BOXNI","M26C;F28A",2,"Y","DOGS GOT ANIMAL IN THE HOLE","MACHETE",NA,"ARMADILLO",NA,NA,NA,1,NA,NA,NA,1,NA,NA,NA,"09:30",NA,NA,NA,"DOGS",12,NA,NA,NA,"FEMALE",NA,NA,NA,1,NA,NA,NA,NA,NA,NA,NA,NA,NA,NA,NA,"N",NA,NA,"Y",NA,"HALF AND HALF","28A","F26C;F28A","N","Y","MISSED AGOUTI  WITH MACHETE","Y","Y","AT HOME","BONES","F26C;F28A","N",NA,NA,"",187,NA
81,"HAn75",65,"65F","0A","LPC","11/12/2012",11,12,2012,"15/12/2012",15,12,2012,"HUNT","WEEDING AT HIS FARM","07:00","11:30","ROAD TO SAN JOSE ","65A;65C;65E",3,"Y","EATER;TYAG","M65B;M65C",2,"Y","DOGS AND POSITIONING BY HUNTERS","GUN",NA,"GIBNUT",NA,NA,NA,1,NA,NA,NA,1,NA,NA,NA,"10:00",NA,NA,NA,"DOGS",12,NA,NA,NA,"FEMALE",NA,NA,NA,1,NA,NA,NA,NA,0.5,NA,NA,NA,0.5,NA,NA,"N",NA,NA,NA,NA,NA,"65F","65B;65C","N","N",NA,"N",NA,NA,NA,NA,NA,NA,NA,"",188,NA
82,"HAn76a",46,"46C","0A","LPC","15/12/2012",15,12,2012,"17/12/2012",17,12,2012,"HUNT",NA,"06:30","09:00","","49C",1,"Y","GREY;CUN;UNKNOWN;UNKNOWN","F49A;F49C;M49D;M49E",4,"N","HE COULD NOT GET  THE PECCARY OUT OF THE HOLE AND GOT WOUNDED WHILE CUTING COHOUNE LEANES TO LOCK THE PECCARY","MACHETE",NA,"PECCARY",NA,NA,NA,1,NA,NA,NA,0,NA,NA,NA,"08:00",NA,NA,NA,"DOGS",0,NA,NA,NA,NA,NA,NA,NA,1,NA,NA,NA,NA,NA,NA,NA,NA,NA,NA,NA,NA,NA,NA,NA,NA,NA,NA,"F46A;F49A",NA,"Y","JUST HARD TO GET OUT THE HOLE",NA,"N",NA,NA,NA,"N",NA,NA,"",189,NA
83,"HAn76b",46,"46C","0A","LPC","16/12/2012",16,12,2012,"17/12/2012",17,12,2012,"HUNT",NA,"08:30","15:00","","49C;45A",2,"Y","TIGER;PUPPIESHE;NENE;GREY;CUN;UNKNOWN;UNKNOWN","M45B;F45C;F46A;F49A;F49C;M49D;M49E",7,"Y","PERSISTENCE","MACHETE",NA,"PECCARY",NA,NA,NA,1,NA,NA,NA,1,NA,NA,NA,"09:00",NA,NA,NA,"",25,NA,NA,NA,"FEMALE",NA,NA,NA,NA,NA,NA,NA,NA,2,NA,NA,"13:00",4,NA,NA,"Y",NA,NA,"Y","45A;49C",NA,"45A","F49A","N","N",NA,NA,"Y","AFTER KILLING","KIS(SCENT, FAT)","F49A","N",NA,NA,"",191,NA
84,"HAn77",5,"5A","0A","LPC","19/12/2012",19,12,2012,"19/12/2012",19,12,2012,"HUNT",NA,"07:00","13:15","ELEUTERIO`S FARM","5A;5C;5D;6A",4,"Y","BLACKIE;CHICPECK;BARZIN;YELLOW;UNKNOWN;UNKNOWN;UNKNOWN","M5C;M5B;M5A;F5D;M6A;U5E;U5F",7,"Y",NA,"GUN","9A","PECCARY",NA,NA,NA,1,NA,NA,NA,1,NA,NA,NA,NA,NA,NA,NA,NA,29,NA,NA,NA,"FEMALE",NA,NA,NA,1,NA,NA,NA,NA,NA,NA,NA,NA,NA,NA,NA,"N",NA,NA,NA,NA,NA,NA,"M5C;M5B",NA,"N",NA,NA,"Y","AFTER KILLING","BLOOD",NA,NA,NA,NA,"",194,NA
85,"HAn78",45,"45A","0A","LPC","24/12/2012",24,12,2012,"24/12/2012",24,12,2012,"HUNT","BREAK CORN","08:30","11:30","ARAM'S TZOTZILCOL","45A",1,"Y","NENE;TIGER;PUPPIESHE;PUPPIEHE","M45B;F45C;M45D;F46A",4,"Y","DOGS","MACHETE",NA,"PECCARY",NA,NA,NA,1,NA,NA,NA,1,NA,NA,NA,NA,NA,NA,NA,"DOGS",45,NA,NA,NA,"MALE",NA,NA,NA,1,NA,NA,NA,NA,0.5,NA,NA,NA,NA,NA,NA,"N",NA,NA,NA,NA,NA,"45A","F49B;F45B","N","N",NA,NA,"Y","AFTER KILL","SCENT AND FAT","M45B;F45C;M46D;F49B","Y",NA,NA,"",198,NA
86,"HAn79",45,"45A","0A","LPC","26/12/2012",26,12,2012,"27/12/2012",27,12,2012,"FARM","GET FIREWOOD","07:30","12:30","STARTED CHASE BY PABLO POP'S TZOTZIL","45A;38A;37C",3,"Y","NENE;TIGER;PUPPIESHE;PUPPIEHE","M45B;F45C;M45D;F46A",4,"Y","COOPERATION AND PERSISTENCE","MACHETE",NA,"PECCARY",NA,NA,NA,1,NA,NA,NA,1,NA,NA,NA,NA,NA,NA,NA,"DOGS",40,NA,NA,NA,"MALE",NA,NA,NA,NA,NA,NA,NA,NA,2,NA,NA,NA,0.25,NA,NA,"Y",NA,"0.66","Y",NA,NA,"45A","M45B;F45C","N","Y","ANIMAL BROKE FACE AND THEY COULD HOT","N","Y","AFTER KILL","SCENT","M45B;F45C","Y",NA,NA,"",199,NA
87,"HAn80",32,"32A","0A","LPC","22/12/2012",22,12,2012,"27/12/2012",27,12,2012,"FARM",NA,NA,NA,"CATARINOS TZOTZIL","32A",1,"Y","PUPPIE;RICE;NENE (BUUT);SPARKY","M32A;M32C;F32D;M32E",4,"N","NOT THE PURPOSE OF THE TRIP","MACHETE",NA,"PECCARY",NA,NA,NA,1,NA,NA,NA,0,NA,NA,NA,NA,NA,NA,NA,NA,0,NA,NA,NA,NA,NA,NA,NA,NA,NA,NA,NA,NA,NA,NA,NA,NA,NA,NA,NA,NA,NA,NA,NA,NA,NA,NA,NA,NA,NA,NA,NA,NA,NA,NA,NA,NA,NA,NA,"",196,NA
