,hh.key,water.source,latrine,latrine.share,num.dog.female,num.dog.male,num.dog.dead,num.dog.sold,num.horse.female,num.horse.male,num.horse.dead,num.horse.sold,num.pig.female,num.pig.male,num.pig.dead,num.pig.consumed,num.pig.sold,num.chicken.total,num.chicken.female,num.chicken.male,num.chicken.match,num.chicken.dead,num.chicken.consumed,num.chicken.sold,num.chicks,num.chicks.dead,num.chicks.consumed,num.chicks.sold,num.turkey.female,num.turkey.male,num.turkey.dead,num.turkey.consumed,num.turkey.sold,num.cats.female,num.cats.male,num.cats.dead,num.cats.sold,num.ducks.female,num.ducks.male,num.ducks.dead,num.ducks.consumed,num.ducks.sold,num.beehives,solarpanel.amount,generator.amount,radio.amount,num.cell.phone,num.computer,tele.amount,cement.floors,num.zinc.house,num.chemical.pump,num.vehicle,vehicle.type,num.gas.stove,num.machete,num.machete.file,num.herbicides,herbicide.type,num.beds,num.hammocks,num.car.batteries,num.alum.pots,cook.pot.borrow,num.houses,num.axes,num.othr.tools,othr.tools.type,business.shop,business.start.date,business.end.date,top.items.sold,num.chainsaw,hired.othrs.lumb,hired.othrs.lumb.num,hired.for.lumb,hired.for.lumb.num,num.gun.own,gun.paytoborrow,num.gun.borrow,gun.pay.lend,num.gun.lend,cornmill.work,cornmill.srtdate,cornmill.enddate,vehicle.char.hospital,vehicle.cha.PGTM,vehicle.char.Nresour,vehicle.char.moving,vehicle.char.visit,charter.hospital,charter.PGTM,charter.Nresour,charter.moving,charter.visit,gov.subs.EdAg,gov.subs.insti,remittance,labor.chop.milpa,labor.plant.milpa,labor.chop.matahamb,labor.plant.matahamb,labor.chopplant.othrcrop,labor.housebuild,hire.bridge.road,hire.bridge.dur,hire.flag,hire.flag.dur,hire.work.mac,hire.workmac.dur,hire.watchm,hire.watchm.dur,hire.road.othr,hire.road.othr.dur,num.markettravel.PG,PGitems.purchased,PGprice.purch,PGitems.sold,PGprice.sold,GUAT.visit,GUAT.sold,GUATprice.sold,GUAT.purch,GUATprice.purch,HWNotes
1,1,PIPE,Y,N,0,1,0,0,1,0,1,0,0,1,0,3,1,5,4,1,Y,0,4,3.5,5,20,Na,0,0,0,Na,Na,Na,0,1,0,0,0,0,Na,Na,Na,0,0,0,1,1,0,0,1,1,1,0,Na,1,4,1,NA,NA,1,2,0,2,Na,2,1,NA,"HAMMR, SHOV, PICK, SCRDRIV",0,Na,Na,Na,0,N,Na,Y,2.5,0,N,NA,NA,NA,N,Na,Na,Na,Na,Na,Na,Na,1,0,0,0,0,0,Na,0,ALNE,ALNE,ALNE,ALNE,NA,NA,N,Na,N,Na,N,Na,Y,NA,N,Na,11,NONE,Na,NONE,Na,1,pepito,$800/100lbs Quetzales,NONE,Na,
2,2,PIPE,Y,N,1,1,3,0,0,1,0,0,2,0,1,2,3,7,4,3,Y,0,12,0,18,0,Na,0,0,0,Na,Na,Na,0,1,0,0,0,0,Na,Na,Na,0,0,0,1,NA,0,0,0,0,0,0,Na,0,4,3,"4 liters, 1 gallon","2,4 D",1,NA,0,2,NA,1,NA,NA,NA,0,Na,Na,Na,0,N,0,N,Na,0,N,NA,N,NA,N,Na,Na,Na,Na,Na,Na,Na,0,0,0,0,0,Na,Na,0,EXCHNGE,EXCHNGE,EXCHNGE,ALNE,EXCHNGE,NA,N,Na,N,Na,N,Na,N,Na,N,Na,3,"sugar, coffee, soap, cabbage",NA,"corn, beans",NA,DK,pepito,NA,Na,Na,
3,3,,,,3,1,2,1,,NA,,,,NA,,,,NA,,,,,,,,,,,NA,,,,,NA,,,,NA,,,,,,NA,NA,NA,,NA,NA,NA,NA,NA,NA,,,NA,,,,NA,,NA,,,,,,,NA,,,,NA,,,,,NA,,NA,,NA,,,,,,,,,,,,,,,,,,,,,,,,,,,,,,,,,,,,,,,,,,,
4,4,PIPE,Y,N,1,0,3,0,0,0,1,1,0,0,2,DK,4,0,0,0,Na,0,5,5,0,0,Na,0,0,0,1,0,1,0,1,0,0,0,0,Na,Na,Na,0,0,0,1,0,0,0,1,1,0,0,Na,0,4,1,1 bottle ,NA,1,1,0,0,9B,2,1,1,SHOV,0,Na,Na,Na,0,Y,1,Na,Na,0,N,NA,NA,NA,N,Na,Na,Na,Na,Na,Na,Na,NA,NA,NA,NA,NA,NA,NA,NA,EXCNGE,EXCHNGE,EXCNGE,EXCNGE,EXCHNGE,EXCHNGE,N,Na,N,Na,N,Na,N,Na,Y,3 weeks,3,"soap, dishes, spoons, clothing",NA,NONE,NA,2,NONE,Na,"gramason, fix amplifyer",NA,hired to paint lines with CISCO 
5,5,PIPE,N,N,2,3,8,0,0,3,0,0,0,5,8,8,0,22,7,2,N,38,23,3,8,40,Na,Na,0,Na,Na,Na,Na,1,4,2,0,0,Na,Na,Na,Na,Na,0,0,1,3,0,0,0,0,1,1,BICI,0,5,3,1 gallon,Na,3,3,0,1,Na,1,2,3,"HAMMR, SHOV, OTHR",0,Na,Na,Na,0,N,Na,N,Na,0,N,NA,N,NA,N,Na,Na,Na,Na,Na,Na,Na,0,0,0,0,0,NA,Na,Na,ALNE,EXCHNGE,ALNE,EXCHNGE,ALNE,EXCHNGE,N,Na,Na,Na,Na,Na,Na,Na,N,Na,0,Na,Na,Na,Na,3,Na,Na,"soap, lime, buk tumin",DK,
6,6,PIPE,N,Na,1,1,0,0,1,0,0,0,0,0,0,2,0,20,4,0,N,9,12,0,0,0,Na,0,0,0,Na,Na,Na,0,1,0,0,0,0,Na,Na,Na,0,0,0,0,0,0,0,0,0,0,1,NA,0,3,2,0,Na,1,2,0,0,41B,1,3,,NONE,0,Na,Na,Na,0,N,Na,Na,Na,0,N,NA,NA,NA,N,Na,Na,0,0,0,0,0,2,1,0,0,0,0,Na,0,EXCNGE,EXCHNGE,EXCHNGE,EXCHNGE,EXCHNGE,EXCHNGE,N,Na,N,Na,N,Na,N,Na,N,Na,3,"chemicals, soap",NA,NONE,Na,0,Na,Na,Na,Na,
7,7,WTRPUMP,Y,N,1,0,0,0,0,0,0,0,3,5,Na,Na,2,2,Na,Na,Y,1,10,10,2,Na,Na,Na,0,0,Na,Na,Na,0,0,Na,Na,0,0,Na,Na,Na,0,0,0,1,0,0,0,0,0,0,0,Na,0,2,2,Na,Na,3,5,0,1,Na,2,1,1,HAMMR,0,Na,Na,Na,0,N,Na,N,Na,0,N,NA,NA,NA,N,Na ,Na,Na,Na,Na,Na,Na,1,1,0,0,0,NA,NA,0,"PAID, ALNE",EXCHNGE,EXCHNGE,EXCHNGE,PAID,EXCHNGE,N,Na,N,Na,N,Na,N,Na,N,Na,NA,"yam, cassava, coco",Na,Na,Dk,3,Na,Na,soap,Na,
8,8,"PIPE, WTRPUMP",Y,N,0,3,1,0,1,1,0,0,5,4,0,7,0,20,NA,2,N,0,20,0,0,0,Na,0,0,0,Na,Na,Na,1,1,1,0,0,0,Na,Na,Na,0,1,0,1,2,0,1,2,1,1,2,NA,1,10,6,5 gallons,"2,4 D, GRMXN",1,4,1,2,"40B, 2B, OTHR",2,1,NA,"HAMMR, SHOV, PICK, SCRDRIV",1,11-Dec,NA,Na,1,N,Na,Y,1,1,N,NA,N,NA,Y,NA,NA,0,0,0,0,0,NA,NA,NA,NA,NA,"$150 books, $300 school",PRV,0,EXCNGE,EXCHNGE,EXCHNGE,EXCHNGE,EXCHNGE,EXCHNGE,N,Na,N,Na,N,Na,N,Na,N,Na,11,"sugar, flour, coffee, garlic, soap, Masy soup, onion, salt",NA,corn,NA,5,"beans, pepito","$280-290 Quetzales, $900 Quetzales","correa corn mill/clip (things for corn mill), clothes, boots, shoes",NA,dog dead was: knock by CISCO
9,9,"PIPE, WTRPUMP",Y,Y,1,2,0,0,0,0,Na,Na,8,0,2,1,0,5,2,3,Y,5,4,0,0,Na,Na,Na,0,Na,Na,Na,Na,0,Na,Na,Na,0,Na,Na,Na,Na,0,0,0,1,0,0,0,0,0,0,0,Na,0,1,0,1 gallon,DK,2,1,0,0,8B,1,0,0,Na,0,Na,Na,Na,0,N,0,N,Na,1,N,NA,DK,NA,N,Na,Na,Na,Na,Na,Na,Na,1,0,0,0,0,NA,NA,NA,EXCHNGE,PAID,Na,Na,EXCHNGE,EXCHNGE,Y,28,N,Na,N,Na,N,Na,Y,28,2,"soap, coffee, sugar, onion, garlic",DK,NONE,Na,2,"beans, pepitorio, clothes",DK,clothes,DK,
10,10,"PIPE, WTRPUMP",Y,Y,5,5,1,0,0,1,0,0,0,0,0,0,0,0,0,0,Na,0,0,0,0,0,Na,0,0,0,Na,Na,Na,0,0,Na,Na,0,0,Na,Na,Na,0,0,0,1,0,0,0,0,0,0,1,NA,0,15,2,"1 gallon, 3 bottles","2,4 D, GRMXN",3,2,0,0,NA,1,1,NA,"HAMMR, SHOV, PICK, SCRDRIV",0,Na,Na,Na,0,N,Na,Y,2,0,N,NA,NA,NA,N,Na,Na,NA,NA,NA,NA,NA,NA,NA,3,NA,NA,0,Na,0,EXCNGE,PAID,NA,NA,PAID,NA,N,Na,N,Na,N,Na,N,Na,Y,20 weeks ,2,"sugar, lard, coffee, soap",NA,NONE,Na,1,pepito,NA,NONE,Na,
11,12,PIPE,Y,Y,0,0,NA,0,0,0,0,0,0,0,0,0,0,12,10,2,Y,0,8,5,6,4,Na,0,0,0,Na,Na,Na,0,0,Na,Na,0,0,Na,Na,Na,0,0,0,2,1,0,0,1,1,0,0,Na,0,6,3,0,Na,1,3,0,0,grandma,2,1,5,"HAMMR, SCRDRIV, HOE, OTHR",0,Na,Na,Na,0,N,Na,N,Na,0,N,NA,N,NA,N,Na,Na,Na,Na,Na,Na,Na,0,3.5,0,0,0,0,Na,0,EXCNGE,EXCHNGE,EXCHNGE,ALNE,ALNE,EXCHNGE,N,Na,N,Na,N,Na,N,Na,N,Na,3,"soup, chicken feed",NA,NONE,Na,0,Na,Na,Na,Na,
12,13,PIPE,Y,Y,0,0,NA,0,1,0,0,0,1,1,0,1,5,15,14,1,Y,0,10,0,6,15,Na,0,0,0,Na,Na,Na,0,1,0,0,0,0,Na,Na,Na,0,0,0,1,0,0,0,1,1,0,0,Na,0,3,2,1 gal,PRQUAT,1,4,0,1,40B,2,1,,"SHOV, PICK",0,Na,Na,Na,0,N,Na,Na,Na,0,N,NA,NA,NA,N,Na,Na,Na,Na,Na,Na,Na,1,0,1,0,0,0,Na,0,EXCNGE,EXCHNGE,"PAID, EXCHNGE",EXCHNGE,EXCHNGE,EXCHNGE,N,Na,N,Na,N,Na,N,Na,Y,3 days,10,"coffee, sugar, soap",Na,NONE,Na,3,Na,Na,"clothing, soap",Na,
13,14,PIPE,Y,N,0,1,1,0,0,1,0,0,3,8,0,0,0,3,3,0,Y,0,0,0,3,5,0,0,0,0,Na,Na,Na,0,0,Na,Na,0,0,Na,Na,Na,0,0,0,1,0,0,0,0,0,0,2,BICI,1,5,1,1,NA,1,3,0,7,Na,1,1,2,"SCRDRIV, OTHR",0,Na,Na,Na,0,Y,1,N,Na,NA,N,NA,N,NA,N,Na,Na,Na,Na,Na,Na,Na,0,0,0,0,0,0,Na,0,ALNE,ALNE,PAID,ALNE,ALNE,EXCHNGE,Y,2,N,Na,N,Na,N,Na,N,Na,3,"books, ",$30-$57BZ,Na,Na,DK,"beans, pepitorio","$250/100lbs Quetzales, $800/100lbs Quetzales",NONE,Na,Price for pepitorio in October varied.
14,15,,,,2,1,5,3,,NA,,,,NA,,,,NA,,,,,,,,,,,NA,,,,,NA,,,,NA,,,,,,NA,NA,NA,,NA,NA,NA,NA,NA,NA,,,NA,,,,NA,,NA,,,,,,,NA,,,,NA,,,,,NA,,NA,,NA,,,,,,,,,,,,,,,,,,,,,,,,,,,,,,,,,,,,,,,,,,,
15,16,PIPE,N,Na,0,0,NA,0,0,1,0,0,3,4,0,2,2,34,29,5,Y,0,21,5,9,0,Na,0,3,2,0,1,1,0,0,0,Na,14,2,0,10,40,0,0,0,1,2,0,0,0,0,1,1,BICI,0,2,1,0,Na,1,2,0,1,Na,1,1,,NONE,0,Na,Na,Na,0,N,Na,Y,1,0,N,NA,NA,NA,N,Na,Na,Na,Na,Na,Na,Na,0,0,0,0,0,0,Na,0,"PAID, EXCNGE",EXCHNGE,ALNE,EXCNGE,ALNE,EXCHNGE,N,Na,N,Na,N,Na,N,Na,N,Na,3,"flour, rice, sugar, coffee, baskets",Na,Na,Na,1,Na,Na,large cooking pot,250 quetzales,
16,17,PIPE,Y,N,0,0,NA,0,0,0,0,0,3,2,0,1,1,NA,8,0,Na,0,17,8,27,0,Na,0,0,0,Na,Na,Na,0,0,Na,0,0,0,Na,Na,Na,0,0,0,1,0,0,0,0,0,0,0,Na,0,2,1,0,Na,1,2,0,0,NA,NA,NA,NA,NA,0,Na,Na,Na,NA,NA,NA,NA,NA,0,N,NA,NA,NA,N,Na,Na,Na,Na,Na,Na,Na,7,3,0,0,0,0,Na,0,ALNE,EXCHNGE,ALNE,EXCHNGE,ALNE,EXCHNGE,N,Na,N,Na,N,Na,N,Na,N,Na,0,Na,Na,Na,Na,0,Na,Na,Na,Na,
17,18,PIPE,Y,Y,0,0,NA,NA,0,0,Na,Na,2,0,0,Na,Na,7,2,5,Y,10,Na,0,4,5,0,0,0,0,Na,Na,Na,0,1,0,0,0,0,Na,Na,Na,0,0,0,1,0,0,0,0,0,0,0,Na,0,5,1,0,Na,1,2,0,0,Na,1,0,0,Na,0,Na,Na,Na,0,N,0,Na,Na,0,Na,0,N,NA,N,Na,Na,Na,Na,Na,Na,Na,0,0,0,0,0,0,0,0,EXCHNGE,EXCHNGE,EXCHNGE,EXCHNGE,EXCHNGE,EXCHNGE,N,Na,N,Na,N,Na,N,Na,Na,Na,5,"soap, cloth, sugar, bread","$17.50, $5/yd., and $3.25",corn,$35/quintal,3,NONE,"$100/quetzales, ",NONE,Na,
18,19,,,,1,3,0,0,,NA,,,,NA,,,,NA,,,,,,,,,,,NA,,,,,NA,,,,NA,,,,,,NA,NA,NA,,NA,NA,NA,NA,NA,NA,,,NA,,,,NA,,NA,,,,,,,NA,,,,NA,,,,,1,,NA,,NA,,,,,,,,,,,,,,,,,,,,,,,,,,,,,,,,,,,,,,,,,,,
19,20,PIPE,Y,Y,0,1,0,0,1,0,0,1,0,0,0,1,0,10,NA,1,N,0,10,0,10,5,Na,0,0,0,Na,Na,Na,0,2,0,0,0,0,Na,Na,Na,0,0,1,1,NA,NA,1,1,2,0,2,Na,1,5,1,1 liter,NA,1,2,0,0,19B,3,1,NA,"HAMMR, SHOV, PICK, SCRDRIV",0,Na,Na,Na,0,N,Na,N,Na,0,N,NA,N,NA,N,Na,Na,0,0,0,0,0,0,1,0,0,0,0,Na,0,"PAID, EXCNGE, ALNE","EXCHNGE, ALNE","PAID, ALNE","EXCNGE, ALNE",ALNE,EXCHNGE,N,Na,N,Na,N,Na,N,Na,N,Na,5,"soap, sugar, fish",fish=$5,NONE,Na,NA,pepito,NA,soft drinks,NA,
20,21,PIPE,Y,Y,0,0,NA,0,0,0,0,0,0,0,1,1,0,3,2,1,Y,0,4,0,0,15,Na,0,0,0,Na,Na,Na,1,0,0,0,0,0,Na,Na,Na,0,0,0,1,1,0,0,1,0,0,1,NA,0,4,2,0,Na,1,NA,0,1,mother,1,0,3,"HAMMR, SHOV, SPADE",0,Na,Na,Na,0,Y,1,N,Na,0,N,NA,NA,NA,N,Na,Na,Na,Na,Na,Na,Na,0,1,2,0,0,0,Na,0,"PAID, ALNE",NA,"PAID, ALNE",EXCHNGE,ALNE,EXCHNGE,N,Na,N,Na,N,Na,N,Na,N,Na,0,Na,Na,Na,Na,0,Na,Na,Na,Na,
21,22,PIPE,Y,Y,0,0,NA,NA,0,0,Na,Na,2,2,0,0,0,3,1,2,Y,1,0,0,4,0,0,0,0,0,Na,Na,Na,0,0,Na,Na,0,0,Na,Na,Na,0,0,0,1,0,0,0,0,0,0,1,BICI,0,7,1,Na,Na,1,2,0,5,Na,1,1,4,"HAMMR, SHOV, PICK, SCRDRIV",0,Na,Na,Na,0,N,Na,Na,Na,0,N,0,N,NA,N,Na,Na,Na,Na,Na,Na,Na,1,0,0,0,0,0,Na,0,ALNE,EXCHNGE,EXCHNGE,EXCHNGE,ALNE,EXCHNGE,N,Na,N,Na,N,Na,N,Na,N,Na,0,Na,Na,Na,Na,1,beans ,$300/100lbs sold 5 sacs,NONE,Na,
22,23,PIPE,Y,N,2,0,0,2,0,1,0,1,0,0,Na,Na,1,2,2,0,Y,0,5,4,7,0,Na,0,0,0,Na,Na,Na,0,Na,Na,Na,1,0,0,0,0,0,0,0,1,0,0,0,0,0,0,1,BICI,0,7,1,0,Na,1,2,0,1,Na,1,1,5,"HAMMR, SHOV, PICK, SCRDRVR, HOE",0,Na,Na,Na,0,N,Na,Y,1,0,N,NA,N,NA,N,Na,Na,Na,Na,Na,Na,Na,0,0,0,0,0,0,0,0,ALNE,EXCHNGE,ALNE,EXCHNGE,ALNE,EXCHNGE,N,Na,N,Na,N,Na,N,Na,N,Na,3,"onion, soap, salt","$2.00/lbs, $1.25/each, $.60/lb",corn,$35/bag,2,"beans, corn, pepitorio","$200/sac, $100/sac, $900/sac quetzales",clothes,DK,Guatemalan items sold are in quetzales
23,24,PIPE,Y,Na,3,1,2,1,0,0,Na,Na,4,2,1,1,0,6,5,1,Y,3,4,0,9,0,Na,0,0,0,Na,Na,Na,1,0,0,0,0,0,Na,Na,0,0,0,0,1,0,0,0,0,0,0,1,BICI,0,5,2,2,GRMXN,1,0,0,0,NONE,1,0,Na,Na,0,Na,Na,Na,0,N,Na,N,Na,0,N,NA,NA,NA,Na,N,N,Na,Na,Na,Na,Na,0,0,0,0,0,DK,DK,DK,"PAID, EXCHNGE",EXCHNGE,ALNE,EXCHNGE,EXCHNGE,EXCHNGE,N,Na,N,Na,N,Na,N,Na,N,Na,6,"soap, onion, chickens, meat",NA,"corn, beans, baskets",NA,NA,NA,NA,NA,NA,
24,25,PIPE,Y,Y,1,0,6,0,0,0,Na,Na,0,0,Na,Na,Na,3,2,1,Y,1,10,0,4,0,0,0,5,1,3,2,2,1,1,2,0,0,0,Na,Na,Na,0,0,0,1,0,0,0,0,0,0,1,BICI,0,2,0,0,Na,2,3,0,0,Na,1,1,0,Na,0,Na,Na,Na,0,N,Na,N,Na,0,N,NA,NA,NA,N,Na,Na,Na,Na,Na,Na,Na,0,0,0,0,0,$40 per child,GOV,0,Na,Na,Na,Na,Na,PAID,N,Na,N,Na,N,Na,N,Na,N,Na,1,"chicken, cilantro, cebolla, pepper",NA,NONE,Na,0,Na,Na,Na,Na,HH does not manage a farm
25,26,PIPE,Y,Y,1,1,1,NA,1,0,0,0,2,4,0,4,1,4,3,1,Y,0,4,10,2,0,Na,0,0,1,0,0,Na,0,0,Na,Na,0,0,Na,Na,Na,0,0,0,1,0,0,1,1,1,0,0,Na,0,7,03-Feb,NA,Na,2,4,0,1,Na,2,1,NA,"HAMMR, SHOV, PICK, SCRDRIV",0,Na,Na,Na,0,N,Na,Y,1,1,N,NA,N,NA,Y,1997,NA,0,0,0,0,0,0,0,0,1,0,DK,GOV,0,EXCNGE,EXCHNGE,EXCHNGE,EXCHNGE,EXCHNGE,EXCHNGE,N,Na,N,Na,N,Na,N,Na,N,Na,1,sugar,NA,corn,$35/bag,every three months if crops to sell,"pepito, beans","$500 Quetzales, $200 Quetzales",soap,110Q box,
26,27,PIPE,N,Y,1,0,0,0,0,0,Na,Na,2,0,0,0,0,2,1,1,Y,0,0,0,0,Na,Na,Na,0,Na,Na,Na,Na,0,0,Na,Na,0,0,Na,Na,Na,0,1,0,1,1,0,0,1,1,0,0,Na,1,5,2,0,Na,2,1,0,2,Na,2,0,1,OTHR,0,Na,Na,Na,0,N,0,N,Na,0,N,NA,NA,NA,N,Na,Na,Na,Na,Na,Na,Na,1,0,0,0,17,0,Na,0,PAID,EXCHNGE,EXCHNGE,EXCHNGE,NONE,"PAID, EXCHNGE",N,Na,N,Na,N,Na,N,Na,N,Na,0,Na,Na,Na,Na,2,Na,Na,soap,DK,
27,28,PIPE,N,Y,4,0,4,0,0,0,Na,Na,1,0,4,0,0,4,4,2,Y,0,0,0,0,Na,Na,Na,1,1,0,0,0,1,1,0,0,0,0,Na,Na,Na,0,0,0,1,1,0,0,0,0,0,1,BICI,0,7,2,1.5,"2,4 D, GRMXN",1,1,0,0,Na,1,1,1,HAMMR,0,Na,Na,Na,0,N,Na,N,Na,0,N,4,NA,NA,N,Na,Na,Na,Na,Na,Na,Na,1,0,0,0,0,0,Na,0,EXCHNGE,EXCHNGE,EXCHNGE,EXCHNGE,ALNE,EXCHNGE,Y,1,N,Na,N,Na,N,Na,N,Na,0,Na,Na,Na,Na,3,corn,$130 Quetzales,Na,Na,borrowed gun without having to pay for it
28,29,NTRLSPRNG,N,Y,0,2,1,0,0,0,Na,Na,1,2,0,2,0,4,2,2,Y,0,2,0,0,Na,Na,Na,0,0,Na,Na,Na,0,0,Na,Na,0,0,Na,Na,Na,0,0,0,1,0,0,0,0,0,0,1,BICI,1,1,2,0,Na,1,3,0,1,Na,1,1,1,OTHR,0,Na,Na,Na,0,N,Na,N,Na,0,N,NA,NA,NA,N,Na,Na,Na,Na,Na,Na,Na,0,0,0,0,0,NA,GOV,0,EXCHNGE,EXCHNGE,EXCHNGE,EXCHNGE,EXCHNGE,EXCHNGE,N,Na,N,Na,N,Na,N,Na,Y,DK,0,Na,Na,Na,Na,0,Na,Na,Na,Na,
29,30,NTRLSPRNG,Y,Y,2,6,0,0,0,0,Na,Na,1,0,0,1,0,0,0,0,Y,0,5,0,0,Na,Na,Na,0,0,Na,Na,0,0,0,Na,Na,0,0,Na,Na,Na,0,0,0,1,0,0,0,0,0,0,1,BICI,0,2,2,0,0,3,0,0,0,Na,1,1,0,Na,0,Na,Na,Na,0,N,Na,N,Na,0,N,NA,NA,NA,N,Na,Na,Na,Na,Na,Na,Na,0,0,0,0,0,$80,GOV,0,EXCHNGE,EXCHNGE,EXCHNGE,EXCHNGE,ALNE,EXCHNGE,N,Na,N,Na,N,Na,N,Na,N,Na,2,"sugar, apple, salt, soap",NA,Na,Na,1,corn,$180/sac Quetzales,"soap, softdrink",NA,
30,31,NTRLSPRNG,Y,Y,1,2,0,0,0,0,Na,Na,1,0,0,0,0,7,2,5,Y,4,0,0,21,0,Na,Na,0,0,Na,Na,Na,0,0,Na,Na,0,0,Na,Na,Na,0,0,0,0,1,0,0,0,0,0,1,BICI,1,2,1,0,Na,1,2,0,8,Na,1,0,0,Na,0,Na,Na,Na,0,Y,1,N,Na,0,N,NA,NA,NA,N,Na,Na,Na,Na,Na,Na,Na,0,0,0,0,0,0,Na,0,EXCHNGE,EXCHNGE,EXCHNGE,EXCHNGE,ALNE,EXCHNGE,Y,6,N,Na,N,Na,N,Na,N,Na,0,Na,Na,Na,Na,1,pepito,$700 Quetzales,NONE,Na,
31,32,NTRLSPRNG,N,Na,1,2,1,0,0,0,0,0,4,5,0,0,0,6,4,2,Y,0,1,5,4,0,Na,0,0,0,Na,Na,Na,1,0,0,0,0,0,Na,Na,Na,0,0,0,2,0,0,0,0,0,0,0,Na,0,3,2,2 liters,PRQUAT,2,1,0,0,NONE,1,1,,NA,0,Na,Na,Na,0,N,Na,Na,Na,0,N,NA,NA,NA,N,Na,Na,Na,Na,Na,Na,Na,0,0,0,0,0,$300 books,GOV,0,ALNE,EXCHNGE,ALNE,EXCHNGE,ALNE,EXCHNGE,N,Na,N,Na,N,Na,N,Na,N,Na,7,Na,Na,"baskets, souvenirs",NA,0,Na,Na,Na,Na,
32,33,PIPE,Y,N,0,0,NA,0,0,0,0,0,0,1,0,0,0,12,0,2,N,0,10,3,4,4,Na,0,0,0,Na,Na,Na,0,0,Na,Na,0,0,Na,Na,Na,0,0,0,1,0,0,0,2,2,0,1,OTHR,0,4,1,"2 liters, 0.5 gallon","GRMXN, OTHR",4,2,0,0,NA,2,1,NA,"HAMMR, SHOV, SCRDRVR",0,Na,Na,Na,0,N,Na,N,Na,0,N,NA,NA,NA,Y,2002,2007,Na,Na,Na,Na,Na,0,0,1,0,0,$150,"PRV, GOV",0,PAID,PAID,PAID,PAID,PAID,ALNE,N,Na,N,Na,N,Na,N,Na,N,Na,2,"soap, sugar, chocolate, onion",NA,NONE,Na,1,pepito,$800 Quetzales,"clothes, shoes, machetes",NA,
33,34,"PIPE, NTRLSPRNG",N,Y,1,1,2,0,0,0,Na,Na,5,5,0,5,1,0,0,0,Y,Na,Na,Na,0,Na,Na,Na,0,0,Na,Na,Na,0,0,Na,Na,0,0,Na,Na,Na,0,0,0,1,0,0,0,0,0,0,0,Na,0,5,6,0,Na,0,Na,0,Na,Na,1,1,Na,Na,0,Na,Na,Na,0,N,Na,N,Na,0,N,NA,NA,NA,N,Na,Na,Na,Na,Na,Na,Na,0,0,0,0,0,0,Na,0,EXCHNGE,EXCHNGE,EXCHNGE,EXCHNGE,EXCHNGE,EXCHNGE,N,Na,N,Na,N,Na,N,Na,N,Na,every week,"soap, rice, flour",DK,NONE,Na,0,Na,Na,Na,Na,
34,35,PIPE,Y,Y,0,2,4,0,0,0,0,0,1,2,1,4,2,0,0,0,Na,0,0,0,0,0,Na,0,0,0,Na,Na,Na,0,1,0,0,0,0,Na,Na,Na,0,0,0,0,0,0,0,0,1,0,0,Na,0,3,1,0,Na,1,1,0,0,40B,1,2,2,"SPADE, PUOCHO",0,Na,Na,Na,0,N,Na,Na,Na,0,N,NA,NA,NA,N,Na,Na,Na,Na,Na,Na,Na,0,0,0,0,0,Social Security,GOV,0,PAID,EXCHNGE,EXCHNGE,EXCHNGE,ALNE,NA,N,Na,N,Na,N,Na,N,Na,N,Na,1,"sugar, coffee, lard",NA,NONE,Na,0,Na,Na,Na,Na,
35,36,PIPE,N,Na,0,0,NA,0,0,0,0,0,1,0,1,1,1,10,5,5,Y,1,4,1,11,1,Na,0,0,0,Na,Na,Na,1,0,0,0,0,0,Na,Na,Na,0,0,0,1,NA,NA,0,NA,1,0,0,Na,0,3,1,1 bottle,"2,4 D",1,1,0,5,Na,2,1,1,HOE,0,Na,Na,Na,0,Y,1,Na,Na,0,N,NA,NA,NA,N,Na,Na,Na,Na,Na,Na,Na,1,0,0,0,0,0,Na,0,EXCNGE,EXCHNGE,EXCHNGE,EXCHNGE,ALNE,EXCHNGE,N,Na,N,Na,N,Na,N,Na,N,Na,1,comal,NA,NA,NA,2,NONE,Na,sacks for rice,NA,
36,37,"PIPE, NTRLSPRNG",Y,Y,3,0,0,0,1,1,0,0,4,12,1,1,0,30,DK,DK,Na,20,20,0,0,0,Na,Na,0,0,Na,Na,Na,0,0,Na,0,0,0,Na,Na,Na,0,0,0,2,0,0,0,0,0,0,0,Na,0,10,7,0,0,2,0,0,2,Na,2,NA,0,Na,0,Na,Na,Na,0,N,0,N,Na,0,N,NA,NA,NA,N,Na,Na,Na,Na,Na,Na,Na,0,0,0,0,0,$100,GOV,Na,EXCHNGE,EXCHNGE,EXCHNGE,EXCHNGE,EXCHNGE,EXCHNGE,N,Na,N,Na,N,Na,N,Na,N,Na,1,"sugar, coffee, lime, flour",Na,Na,Na,0,Na,Na,Na,Na,
37,38,PIPE,Y,Y,0,0,NA,0,0,1,0,0,5,5,3,5,3,15,5,3,N,12,15,0,0,0,Na,0,0,0,Na,Na,Na,0,0,Na,Na,0,0,Na,Na,Na,0,0,0,1,0,NA,NA,NA,NA,0,0,Na,0,5,2,1 bottle,NA,1,4,0,1,Na,0,1,0,NA,0,Na,Na,Na,NA,NA,NA,N,Na,0,N,NA,N,NA,N,Na,Na,Na,Na,Na,Na,Na,0,0,0,0,0,Juana's,GOV,0,ALNE,EXCHNGE,ALNE,EXCHNGE,ALNE,EXCHNGE,N,Na,N,Na,N,Na,N,Na,N,Na,0,Na,Na,Na,Na,0,Na,Na,Na,Na,
38,39,PIPE,Y,N,1,0,9,0,1,0,0,0,1,1,0,1,0,30,22,8,Y,4,6,0,10,8,Na,0,0,0,Na,Na,Na,0,0,Na,Na,0,0,Na,Na,Na,0,0,0,1,NA,NA,0,1,0,1,0,Na,0,2,4,2 gallon,PRQUAT,1,NA,0,0,NA,NA,NA,NA,NA,0,Na,Na,Na,0,N,Na,N,Na,0,N,NA,NA,NA,N,Na,Na,Na,Na,Na,Na,Na,1,1,0,0,2,0,Na,0,EXCNGE,EXCHNGE,NONE,NONE,NONE,EXCHNGE,N,Na,N,Na,N,Na,N,Na,N,Na,3,"sugar, soap",NA,corn,NA,0,Na,Na,Na,Na,
39,40,"PIPE, OTHR",Y,N,0,0,NA,NA,0,1,1,0,2,2,0,1,0,19,0,2,N,0,20,0,16,0,0,0,0,0,Na,Na,Na,0,1,0,0,0,0,Na,Na,Na,0,1,0,1,0,0,1,1,1,1,1,CAR,1,2,1,1 lb,For fungus,1,4,1,3,2,2,1,3,"HAMMR, SHOV, SCRDRVR",1,1999,present,"soap, salt, onion, lard, white lime, toilet paper, kerosene, sugar, flour, rice, battery",0,N,0,Y,2,1,N,NA,NA,NA,N,Na,Na,6,7,4,1,8,Na,Na,Na,Na,Na,0,Na,0,EXCHNGE,EXCHNGE,EXCHNGE,EXCHNGE,EXCHNGE,EXCHNGE,N,Na,N,Na,N,Na,N,Na,N,Na,4,"rice, soft drink, lard, cans",DK,NONE,Na,1,pepitorio,DK,"boots, machete, soap",Na,
40,41,"PIPE, WTRPUMP",Y,Y,2,0,3,0,0,1,0,0,2,1,1,1,6,0,0,0,Na,Na,Na,Na,0,Na,Na,Na,0,0,Na,Na,Na,0,0,Na,Na,0,0,Na,Na,Na,0,1,0,1,1,0,0,1,1,1,1,BICI,0,3,1,0,Na,1,5,0,4,Na,2,1,2,Na,0,Na,Na,Na,0,Y,Na,Y,1,0,N,NA,NA,NA,N,Na,Na,Na,Na,Na,Na,Na,0,0,0,0,0,$0,Na,0,EXCHNGE,EXCHNGE,PAID,EXCHNGE,Na,EXCHNGE,N,Na,Y,28,Y,28,Y,NA,Y,NA,2,"soap, salt",NA,NONE,Na,0,Na,Na,Na,Na,
41,42,"PIPE, NTRLSPRNG",Y,N,0,0,NA,NA,0,0,Na,Na,0,0,Na,Na,0,0,0,0,Y,Na,Na,0,0,Na,Na,Na,0,Na,Na,Na,NA,0,0,Na,Na,0,0,Na,Na,Na,0,0,0,0,1,0,0,0,0,0,0,Na,0,3,1,0,Na,1,1,0,0,Na,2,1,2,SHOV,0,Na,Na,Na,0,N,Na,N,Na,0,N,NA,NA,NA,N,Na,Na,Na,Na,Na,Na,Na,0,0,0,0,0,$150,GOV,0,Na,Na,Na,Na,Na,Na,N,Na,N,Na,N,Na,N,Na,N,Na,every week,chicken,NA,NONE,Na,0,Na,Na,Na,Na,
42,43,NTRLSPRNG,N,Na,1,3,2,0,0,0,Na,Na,0,0,0,7,3,25,0,4,N,0,10,5,9,0,Na,Na,2,Na,0,0,0,0,0,0,0,0,0,Na,Na,Na,0,0,0,0,1,0,0,0,0,0,1,BICI,0,3,1,2 liters,"2,4 D, GRMXN",2,3,0,1,1,1,1,4,"HAMMR, SHOV, PICK, SCRDRIV",0,Na,Na,Na,0,N,Na,Y,1,0,N,NA,NA,NA,N,Na,Na,Na,Na,Na,Na,Na,0,0,6,0,0,$0,Na,0,PAID,EXCHNGE,PAID,EXCHNGE,EXCHNGE,EXCHNGE,Y,4,N,12,N,Na,N,Na,N,Na,2,"soap, coffee, sugar, flour, rice",NA,NONE,Na,1,beans,NA,"clothes, hammock, watch",DK,
43,44,PIPE,Y,Y,1,1,4,0,2,0,2,0,1,2,0,0,0,8,8,0,Y,0,0,0,0,0,Na,Na,0,0,Na,Na,Na,0,1,0,0,0,0,Na,Na,Na,0,1,0,1,2,0,0,1,1,0,1,BICI,1,6,1,0,Na,1,3,0,10,nA,2,1,7,"HAMMR, SHOV, PICK, SCRDRVR, HOE",0,Na,Na,Na,0,Y,1,N,Na,0,N,NA,NA,NA,N,Na,Na,Na,Na,Na,Na,Na,0,0,0,1,0,NA,GOV,0,PAID,PAID,PAID,EXCHNGE,ALNE,EXCHNGE,N,Na,Y,8,N,Na,N,Na,N,Na,4,soap,$60/5kg,NONE,Na,0,Na,Na,Na,Na,
44,45,PIPE,N,Na,3,3,1,0,0,0,0,0,3,0,1,1,1,NA,6,0,Na,0,15,3,0,0,Na,0,0,0,Na,Na,Na,0,0,0,Na,0,0,Na,Na,Na,0,0,0,1,0,0,0,0,0,0,0,Na,0,4,1,0,Na,1,2,0,0,Na,1,1,,NONE,0,Na,Na,Na,0,N,Na,Na,Na,0,N,NA,NA,NA,N,Na,Na,Na,Na,Na,Na,Na,1,0,0,0,0,0,Na,0,EXCNGE,EXCHNGE,EXCHNGE,EXCHNGE,EXCHNGE,EXCHNGE,N,Na,N,Na,N,Na,N,Na,N,Na,0,Na,Na,Na,Na,0,Na,Na,Na,Na,
45,46,WTRPUMP,N,Na,3,0,1,0,2,0,Na,Na,4,1,2,0,4,2,2,0,Y,0,4,0,6,Na,Na,Na,0,0,Na,Na,Na,0,0,Na,Na,0,0,Na,Na,Na,0,0,0,1,1,0,0,1,1,0,1,BICI,0,2,1,2,Na,0,2,0,3,Na,2,1,3,"HAMMR, SHOV, PICK",0,Na,Na,Na,0,N,Na,N,Na,0,N,NA,NA,NA,N,Na,Na,Na,Na,Na,Na,Na,0,0,0,0,0,$0,Na,0,ALNE,EXCHNGE,ALNE,EXCHNGE,Na,EXCHNGE,N,Na,N,Na,Na,Na,N,Na,N,Na,2,soap,$2.00/each,baskets,NA,0,Na,Na,Na,Na,
46,47,WTRPUMP,N,N,NA,NA,NA,NA,0,1,0,0,2,2,0,1,1,13,10,3,Y,10,15,5,9,9,Na,0,0,0,Na,Na,Na,0,0,Na,Na,0,0,Na,Na,Na,0,0,0,1,1,0,0,0,0,0,1,BICI,0,5,1,1,"2,4 D",0,4,0,0,Na,1,0,NA,NA,0,Na,Na,Na,0,N,0,N,Na,0,N,NA,NA,NA,N,Na,Na,Na,Na,Na,Na,Na,0,5,0,0,0,0,Na,Na,EXCHNGE,EXCHNGE,PAID,PAID,Na,Na,N,Na,Y,8,N,Na,N,Na,N,Na,2,"sugar, coffee, soap",NA,NA,NA,Na,Na,Na,Na,Na,
47,48,"PIPE, WTRPUMP",Y,N,1,0,0,0,0,1,0,0,0,0,1,8,2,10,0,2,N,0,15,5,5,0,0,0,0,0,Na,Na,Na,0,0,Na,Na,0,0,Na,Na,Na,0,0,0,1,2,0,0,2,1,0,2,"BICI, TRCK",1,4,1,0,Na,4,4,0,3,3,1,1,2,"HAMMR, SCRDRIV",0,Na,Na,Na,0,N,Na,N,Na,NA,N,NA,N,NA,N,Na,Na,0,0,0,0,0,0,0,0,0,0,0,Na,0,PAID,PAID,ALNE,PAID,NONE,EXCHNGE,N,Na,N,Na,N,Na,N,Na,N,Na,10,"salt, lard, kerosene, candle, soap",NA,"cuxtal, basket",NA,0,Na,Na,Na,Na,48C works construction with CISCO road company as a flag person and working machinery
48,49,PIPE,N,Na,3,2,1,0,0,0,Na,Na,0,0,Na,Na,Na,0,2,0,Y,0,0,0,0,Na,Na,0,0,0,Na,Na,Na,0,0,Na,Na,0,0,Na,Na,Na,0,0,0,1,0,0,0,0,0,0,0,Na,0,6,4,0,Na,1,2,1,3,Na,2,2,3,"HAMMR, PICK, SCRDRIV",0,Na,Na,Na,0,N,0,N,Na,0,N,0,N,NA,N,Na,Na,Na,Na,Na,Na,Na,0,0,0,0,0,0,Na,0,PAID,ALNE,PAID,PAID,PAID,EXCHNGE,N,Na,N,Na,N,Na,N,Na,N,Na,0,Na,Na,Na,Na,1,beans,$245 quetzales/100lbs,NONE,Na,
49,50,PIPE,Y,Y,0,0,NA,NA,0,0,Na,Na,0,0,Na,Na,Na,1,1,0,Y,0,6,0,0,Na,Na,Na,0,0,Na,Na,Na,0,0,Na,Na,0,0,Na,Na,Na,0,0,0,2,1,0,1,1,1,0,2,"MTRBK, BICI",1,3,2,0,Na,1,1,1,8,Na,1,NA,0,Na,0,Na,Na,Na,0,N,0,N,Na,0,N,NA,NA,NA,N,Na,Na,0,0,0,0,0,0,0,0,0,0,0,Na,0,NONE,NONE,NONE,NONE,NONE,NONE,N,Na,N,Na,N,Na,N,Na,N,Na,2,"flour, rice, lard, baking soda, coffee, milk, beer, soap, steel wool, gas","flour = $1, rice= $1.25, lard = $2.50, baking soda =$4.00, coffee and milk =$8, beer = $4, soap = $1.5, steel wool $1, gas = $7",,Na,1,NONE,$12 Quetzales,Na,Na,
50,51,PIPE,N,N,0,0,NA,NA,Na,0,Na,Na,0,0,Na,Na,Na,0,0,0,Na,Na,Na,Na,0,Na,Na,Na,0,0,Na,Na,Na,0,0,Na,Na,0,0,Na,Na,Na,0,0,1,1,1,0,0,1,1,0,4,"BICI, CAR",1,2,1,0,Na,1,1,0,2,Na,1,1,3,"SHOV, PICK, SCRDRIV",1,1995,2001,Na,0,Y,2,N,Na,NA,N,NA,NA,NA,N,Na,Na,4,15,Na,Na,60,0,0,0,0,0,Na,Na,0,NONE,NONE,NONE,NONE,NONE,NONE,N,Na,N,Na,N,Na,N,Na,N,Na,8,NONE,Na,"onion, papaya, carrots, tomato, orange, flour, sugar, rice, dish",NA,0,NONE,Na,Na,Na,
51,52,"PIPE, WTRPUMP",Y,N,0,1,0,0,1,0,0,0,5,4,1,0,2,20,DK,2,N,5,0,0,0,Na,Na,Na,0,0,Na,Na,Na,1,0,0,0,0,0,Na,Na,Na,0,0,0,1,1,0,0,1,0,0,0,Na,0,5,1,3 liters,NA,3,4,0,2,Na,1,1,0,Na,0,Na,Na,Na,0,N,0,N,Na,0,N,NA,NA,NA,Y,00/2007,Na,Na,Na,Na,Na,Na,0,0,0,0,0,$300,"PRV, GOV",Na,ALNE,EXCHNGE,PAID,EXCHNGE,ALNE,EXCHNGE,Y,16,N,Na,N,Na,N,Na,N,Na,1,"kerosene, soap, sugar, clothes, shoes",NA,Na,Na,DK,beans,NA,"clothes, soap",NA,
52,53,PIPE,Y,N,2,1,1,0,1,1,0,1,3,1,3,0,0,5,5,0,Y,0,0,0,0,Na,Na,Na,0,0,Na,Na,Na,0,0,Na,Na,0,0,Na,Na,Na,0,0,0,0,Na,0,0,0,0,0,0,Na,Na,6,2,0,Na,1,3,0,1,Na,1,0,4,"HAMMR, SHOV, PICK, SCRDRIV",0,Na,Na,Na,0,N,Na,N,Na,0,N,NA,NA,NA,Y,1/0/2003,Na,Na,Na,Na,Na,Na,3,0,0,0,0,$300 books,GOV,0,ALNE,EXCHNGE,EXCHNGE,EXCHNGE,EXCHNGE,PAID,Y,2,N,Na,N,Na,N,Na,N,Na,4,"soap, coffee, sugar, salt, books, school supplies","coffee=$5, sugar $1.6/lbs",Na,Na,Na,Na,Na,Na,Na,
53,54,"PIPE, WTRPUMP",N,NA,2,1,3,0,1,0,0,0,4,0,0,1,1,3,Na,Na,Na,0,1,2,4,0,Na,0,1,0,0,0,0,0,0,Na,DK,0,0,Na,0,0,0,0,0,1,0,0,0,0,0,0,1,BICI,Na,4,1,1 liter,Na,1,2,1,0,Na,1,1,1,HAMMR,0,Na,Na,Na,0,N,Na,N,Na,0,N,NA,NA,NA,N,Na,Na,Na,Na,Na,Na,Na,2,1,0,0,0,$40 per child,GOV,0,EXCNGE,EXCHNGE,EXCHNGE,EXCHNGE,ALNE,EXCHNGE,N,Na,N,Na,N,Na,N,Na,N,Na,2,bread,Na,Na,Na,1,"pepito, buc tzin, sunglasses",$900/100lbs of pepito Quetzales,Na,Na,
54,55,"PIPE, WTRPUMP",Y,N,2,1,1,NA,0,0,Na,1,Na,0,Na,Na,Na,4,DK,DK,N,Na,9,3,Na,Na,Na,Na,0,0,Na,Na,Na,1,NA,Na,Na,0,0,Na,Na,Na,0,0,0,0,0,0,0,0,0,0,2,BICI,0,12,1,0,Na,3,2,0,0,62B,2,1,0,Na,0,Na,Na,Na,0,N,Na,N,Na,0,N,NA,NA,NA,N,Na,Na,Na,Na,Na,Na,Na,1,1,0,0,0,0,Na,0,EXCHNGE,EXCHNGE,EXCHNGE,EXCHNGE,ALNE,EXCHNGE,N,Na,N,Na,N,Na,N,Na,N,Na,2,"coffee, tamales, chicken",NA,corn,$35/bag,0,Na,Na,Na,Na,"Survey conducted in two days 121209 and 121213: inicial adult dog count 2 female & 2 male, but household head reported one of his adult dogs to be killed in the new highway on 121211; final adult dog count 2 female & 1 male & 1 male killed"
55,56,PIPE,N,NA,0,0,NA,NA,0,0,Na,Na,0,4,0,0,0,0,0,0,Na,Na,Na,Na,0,Na,Na,Na,0,0,Na,Na,Na,0,0,Na,Na,0,0,Na,Na,Na,0,0,0,1,0,0,0,1,1,0,0,Na,1,1,0,1,PRQUAT,1,2,0,0,Na,1,1,0,Na,0,Na,Na,Na,0,N,Na,N,Na,0,N,NA,NA,NA,N,Na,Na,Na,Na,Na,Na,Na,0,0,0,0,0,$100/month ,GOV,0,PAID,EXCHNGE,ALNE,ALNE,ALNE,ALNE,N,Na,N,Na,N,Na,N,Na,N,Na,1,"salt, sugar, coffee, kerosene, soap","salt=$0.5, sugar=$0.65, coffee = $4.5, kerosene=$8-10, soap=$1-2",Na,Na,0,Na,Na,Na,Na,
56,57,PIPE,N,Y,2,2,1,0,0,0,0,Na,0,0,Na,Na,Na,2,1,1,0,0,0,0,11,0,0,0,0,0,Na,Na,Na,0,0,Na,Na,0,0,Na,Na,Na,0,0,0,1,0,0,0,0,0,0,1,BICI,0,2,1,0,Na,1,2,0,5,Na,1,1,0,Na,0,Na,Na,Na,0,Y,1,N,Na,0,N,NA,NA,NA,N,Na,Na,Na,Na,Na,Na,Na,0,0,2,0,0,$0,Na,0,ALNE,ALNE,ALNE,ALNE,ALNE,EXCHNGE,N,Na,N,Na,Na,Na,N,Na,Y,40,1,"sugar, coffee, chicken","$.5 cents/lb, $10/bottle, $2.5/lb",cacao,$2.50/lb,2,"beans, corn, pepitorio","$350/100lbs Quetzales, $100/100lbs Quetzales, $400/100lbs Quetzales",NONE,Na,1 sack of cash crop = 100 lbs
57,58,PIPE,Y,Y,2,2,0,0,1,0,0,0,4,3,0,0,0,18,2,DK,N,0,0,0,8,0,0,0,0,0,Na,Na,Na,0,1,0,1,0,0,Na,Na,Na,0,0,0,1,0,0,0,0,0,1,0,Na,0,4,12,1 litter,Na,1,Na,0,10,Na,1,Na,Na,Na,0,Na,Na,Na,0,Y,1,N,Na,0,N,NA,NA,NA,N,Na,Na,Na,Na,Na,Na,Na,0,0,0,0,0,$0,Na,0,EXCHNGE,EXCHNGE,EXCHNGE,EXCHNGE,PAID,EXCHNGE,N,Na,N,Na,N,Na,N,Na,N,Na,NA,NA,NA,NA,NA,NA,NA,NA,NA,NA,missing page 9 of survey 
58,59,PIPE,Y,N,0,0,NA,NA,0,0,Na,Na,1,3,0,0,0,6,6,3,Y,0,0,0,0,0,0,0,0,0,Na,Na,Na,0,0,Na,Na,0,0,Na,Na,Na,0,0,0,1,0,0,0,0,1,1,0,Na,0,1,1,1,GRMXN,1,2,0,2,Na,2,Na,Na,Na,0,Na,Na,Na,0,N,Na,N,Na,1,N,NA,Y,1,N,Na,Na,Na,Na,Na,Na,Na,0,0,0,0,0,$0,Na,0,ALNE,ALNE,ALNE,ALNE,ALNE,ALNE,N,Na,N,Na,N,Na,N,Na,N,Na,2,"coffee, soap, sugar",DK,NONE,Na,0,Na,Na,Na,Na,
59,60,PIPE,Y,N,0,2,0,0,1,0,1,0,2,2,0,0,0,3,2,1,Y,0,0,0,9,0,0,0,0,0,Na,Na,Na,0,0,Na,Na,0,0,Na,Na,Na,1,1,1,3,1,0,1,1,1,1,1,BICI,1,10,0,0,Na,2,6,1,15,Na,4,0,9,"HAMMR, SHOV, PICK, SCRDRVR, HOE",1,2000,present,"sugar, lard, salt, onion, soap, battery, medicine, red top, toilet paper, white lime",0,Y,1,N,Na,0,N,NA,N,NA,Y,1994,present,Na,Na,Na,Na,Na,0,0,3,0,2,DK,"GOV, UNDP",Na,PAID,EXCHNGE,PAID,EXCHNGE,PAID,EXCHNGE,N,Na,N,Na,N,Na,N,Na,N,Na,6,"sugar, lard, salt, onion, soap, kerosene","$55, $65/bucket, $21/50lbs, $2/lb, $33-36/40 in box, $9/gal",NONE,Na,2,NONE,Na,"coca-cola, sacks","$15 Quetzales, $6 Quetzales",
60,61,PIPE,Y,Y,0,2,1,0,0,0,Na,Na,3,3,4,0,0,2,3,2,Na,1,10,10,4,15,Na,0,0,0,Na,Na,Na,0,0,Na,Na,0,0,Na,Na,0,0,0,0,0,0,0,0,0,0,1,0,Na,0,4,2,0,Na,1,Na,0,0,Na,Na,Na,Na,Na,0,Na,Na,Na,0,N,Na,N,Na,0,N,NA,NA,NA,N,Na,Na,Na,Na ,Na ,Na,Na,1,0,0,0,0,0,Na,0,EXCHNGE,EXCHNGE,EXCHNGE,EXCHNGE,EXCHNGE,EXCHNGE,N,Na,N,Na,N,Na,N,Na,N,Na,2,,NA,corn,$40/bag,2,"pepito, beans",Na,Na,Na,
61,62,PIPE,Y,N,0,2,3,NA,2,0,0,0,3,4,2,3,3,30,4,8,N,15,50,15,16,0,Na,0,0,1,0,0,0,0,0,Na,Na,1,0,0,1,0,0,0,0,1,1,0,0,0,0,0,1,BICI,0,10,1,1 liter,NA,1,1,0,11,NONE,1,1,1,NA,0,Na,Na,Na,0,Y,1,N,Na,0,N,NA,NA,NA,N,Na,Na,Na,Na,Na,Na,Na,0,0,7,0,0,0,Na,0,PAID,EXCHNGE,EXCHNGE,EXCHNGE,EXCHNGE,EXCHNGE,N,Na,N,Na,N,Na,N,Na,N,Na,5,"sugar, coffee",NA,corn,$35/bag,3,2 pepito bags,NA,"clock, clothes, soap",NA,
62,63,PIPE,Y,N,0,1,1,0,0,0,Na,Na,1,3,0,7,1,3,3,0,Y,0,4,8,10,Na,Na,Na,0,0,Na,Na,Na,0,1,0,0,0,0,Na,Na,Na,0,0,0,1,0,0,0,0,0,0,0,Na,0,4,1,0,Na,1,2,0,3,Na,1,1,1,HAMMR,0,Na,Na,Na,0,N,Na,Y,1,0,N,NA,NA,NA,N,Na,Na,Na,Na,Na,Na,Na,0,0,0,0,0,$0,Na,0,EXCHNGE,EXCHNGE,EXCHNGE,EXCHNGE,EXCHNGE,EXCHNGE,N,Na,N,Na,N,Na,N,Na,N,Na,1,NONE,Na,"corn, rice","$30/100lbs, $30/100lbs",1,"corn, beans, pepitorio","$200/100lbs Quetzales, $80/100lbs Quetzales, $700/100lbs Quetzales",NONE,Na,
63,64,"PIPE, NTRLSPRNG",Y,N,0,2,0,0,0,0,0,0,5,3,6,0,0,NA,8,2,Na,0,12,4,10,11,Na,0,0,0,Na,Na,Na,2,2,0,0,0,0,Na,Na,Na,0,0,0,0,2,0,0,2,1,1,1,MTRBK,1,3,3,0,NONE,2,3,0,10,Na,2,0,,NONE,0,Na,Na,Na,1,Y,4,N,0,0,N,NA,NA,NA,N,Na,Na,Na,Na,Na,Na,Na,0,0,0,2,0,0,Na,0,PAID,EXCHNGE,PAID,EXCHNGE,EXCHNGE,EXCHNGE,N,Na,N,Na,N,Na,N,Na,N,Na,4,NA,NA,NA,NA,2,"pepito, corn ",$950/100lbs Quetzales,"motorcycle matieral, chain saw",NA,
64,65,PIPE,Y,Y,0,2,3,0,0,1,1,0,1,2,1,0,0,20,3,DK,N,9,25,4,0,15,0,0,0,0,Na,Na,Na,1,1,0,Na,4,1,13,5,1,0,0,0,1,6,0,0,2,3,1,1,"BICI, MTRBK, TRCK",1,7,3,4.5 liters,"2,4 D, GRMXN, OTHR",6,3,0,3,Na,3,2,10,"HAMMR, SHOV, PICK, SCRDRVR, HOE",0,Na,Na,Na,0,N,Na,N,Na,1,N,NA,N,NA,N,Na,Na,0,0,0,0,0,1,0,2,0,2,0,Na,0,PAID,EXCHNGE,PAID,EXCHNGE,ALNE,"PAID, EXCHNGE",N,Na,N,Na,N,Na,N,Na,N,Na,2,"soap, coffee, toilet paper, salt, flour",NA,NONE,Na,1,NONE,Na,thread,NA,Tardom herbicide
65,66,"NTRLSPRNG, OTHR",Y,N,0,1,1,0,0,0,0,0,6,4,0,1,0,60,NA,NA,Na,0,48,DK,7,25,Na,0,2,3,20,4,1,0,1,0,0,0,0,Na,Na,Na,0,0,0,1,1,0,0,0,0.5,0,1,NA,1,4,2,0,Na,2,3,0,5,Na,1,1,1,"SHOV, OTHR",0,Na,Na,Na,1,N,Na,Y,4,1,N,NA,N,0,N,Na,Na,0,0,0,1,5,0,0,4,1,2,0,Na,0,PAID,PAID,PAID,PAID,ALNE,PAID,N,Na,N,Na,N,Na,N,Na,N,Na,2,"kitchen items, diesel for water pump",NA,NONE,Na,8,NONE,Na,soap,Na,
66,67,PIPE,Y,N,1,2,6,0,0,1,0,0,3,6,3,2,1,20,DK,3,N,0,2,0,0,3,0,0,1,1,0,0,0,4,0,3,0,0,0,Na,Na,Na,0,0,0,1,1,0,0,0,0,1,0,Na,0,4,2,2 liter,"2, 4 D",2,2,0,1,Na,1,1,1,HOE,0,Na,Na,Na,0,N,Na,Y,2,0,N,NA,NA,NA,Y,2005,present,Na,Na,Na,Na,Na,2,0,1,0,0,$200,GOV,0,PAID,EXCHNGE,PAID,EXCHNGE,EXCHNGE,EXCHNGE,N,Na,N,Na,N,Na,N,Na,N,Na,.,.,.,.,.,.,.,.,.,.,pending information on page 11 from survey data
67,68,PIPE,Y,Y,2,0,1,0,0,0,0,0,3,1,5,0,0,24,6,DK,N,1,8,0,9,0,Na,0,7,1,0,0,0,1,1,1,0,1,0,Na,Na,Na,0,1,1,1,1,1,1,1,0,0,0,Na,1,4,3,2  liters,"2,4 D",NA,4,1,2,Na,2,1,,"HAMMR, SCRDRIV, HOE, OTHR",0,Na,Na,Na,0,N,Na,Y,2,0,N,NA,NA,NA,Y,1990,Na,Na,Na,Na,Na,Na,0,0,0,1,0,$300 books,GOV,DK,EXCNGE,EXCHNGE,ALNE,EXCHNGE,PAID,EXCHNGE,N,Na,N,Na,N,Na,Y,4,N,Na,1,"soap, coffee, garlic, corn",NA,corn,$40/bag,0,Na,Na,Na,Na,"total 24 chickens can't remember how many are male and how many are female, Has 8 turkeys can't remember how many are male. Household receives remittances 2 to 3 times a week, indisclosed amount"
68,69,"WTRPUMP, NTRLSPRING, RAIN",Y,N,0,0,NA,NA,0,0,0,0,1,1,0,0,3,1,1,0,Y,0,1,2,1,4,0,0,0,0,Na,Na,Na,2,0,Na,Na,0,0,Na,Na,Na,0,0,0,1,0,0,0,0,0,1,0,Na,0,1,3,1 litter,"2,4 D",2,Na,1,1,Na,1,0,Na,Na,0,Na,Na,Na,0,N,Na,N,Na,0,N,NA,NA,NA,N,Na,Na,Na,Na,Na,Na,Na,2,0,0,0,0,$0,Na,0,ALNE,EXCHNGE,ALNE,EXCHNGE,Na,Na,N,Na,N,Na,N,Na,N,Na,N,Na,0,Na,Na,Na,Na,0,Na,Na,Na,Na,
69,70,WTRPUMP,Y,Y,1,2,0,0,0,1,0,0,2,1,5,0,0,5,4,1,Y,0,1,0,5,7,Na,0,0,0,Na,Na,Na,0,0,Na,Na,0,0,Na,Na,Na,0,0,0,2,0,0,0,0,0,1,0,Na,0,4,3,1 bottle ,"2,4 D",NA,Na,0,1,Na,2,Na,,NONE,0,Na,Na,Na,1,N,Na,Y,1,1,N,NA,NA,NA,N,Na,Na,Na,Na,Na,Na,Na,0,0,3,0,2,0,Na,0,ALNE,EXCHNGE,EXCHNGE,ALNE,ALNE,EXCHNGE,N,Na,N,Na,N,Na,N,Na,N,Na,0,Na,Na,Na,Na,2,Na,Na,machete,Na,earlier version of survey. Catch water in wet season to avoid using water pump that is located further away from their home
70,71,"WTRPUMP, RAIN",NA,NA,0,0,NA,NA,0,0,Na,Na,0,0,Na,Na,Na,0,0,0,Y,Na,Na,Na,0,Na,Na,Na,0,0,Na,Na,Na,0,0,Na,Na,0,0,Na,Na,Na,0,0,0,1,0,0,0,0,1,0,0,Na,0,2,1,1,"2,4 D",1,1,0,Na,Na,1,,0,Na,0,Na,Na,Na,0,N,Na,N,Na,0,N,NA,NA,NA,N,Na,Na,Na,Na,Na,Na,Na,0,0,0,0,0,$0,Na,0,EXCHNGE,EXCHNGE,EXCHNGE,EXCHNGE,EXCHNGE,EXCHNGE,N,Na,N,Na,N,Na,N,Na,N,Na,0,"rice, flour",$5/lb each,Na,Na,2,Na,Na,Na,Na,
71,72,"WTRPUMP, NTRLSPRING",Y,Y,1,0,4,0,0,0,Na,Na,4,3,0,1,1,16,0,1,N,20,10,0,0,Na,Na,Na,0,0,Na,Na,Na,0,0,Na,Na,0,0,Na,Na,Na,0,0,0,1,0,0,0,0,0,0,2,BICI,1,6,2,2 liter,NA,2,3,0,0,Na,0,0,0,Na,0,Na,Na,Na,0,N,Na,N,Na,0,N,NA,NA,NA,Y,1999,2001,Na,Na,Na,Na,Na,1,0,0,0,0,$0,Na,0,"EXCHNGE, ALNE",EXCHNGE,EXCHNGE,"EXCHNGE, ALNE",Na,EXCHNGE,Y,3,N,Na,N,Na,N,Na,N,Na,10,"salt, kerosene, onion, garlic",NA,NONE,Na,0,Na,Na,Na,Na,
72,73,NTRLSPRNG,Y,Y,2,3,2,0,0,0,Na,Na,3,3,1,0,1,5,1,4,Y,0,0,0,10,13,0,0,0,0,Na,Na,Na,0,0,Na,Na,0,0,Na,Na,Na,0,0,0,1,0,0,1,0,0,0,0,Na,0,4,1,0,Na,0,3,0,11,Na,1,0,Na,Na,1,2011,present,"sugar, flour, coste_a peppers, rice, lard",0,N,Na,N,Na,0,N,NA,NA,NA,N,Na,Na,Na,Na,Na,Na,Na,0,0,0,0,0,$0,Na,0,EXCHNGE,EXCHNGE,EXCHNGE,EXCHNGE,PAID,EXCHNGE,N,Na,N,Na,N,Na,N,Na,N,Na,4,"sugar, flour, coste_a peppers, rice, lard",NA,NONE,Na,1,beans,$300/100lbs Quetzales,"soap, cookies, cake, salt, eggs, chips, garlic, beans, coffee, toilet paper, sardina, sausage, potted meat, jalape_os, baking poweder. ",NA,
73,74,"WTRPUMP, NTRLSPRING",Y,N,1,0,1,0,0,0,0,0,0,0,Na,Na,Na,10,Na,Na,N,1,3,0,4,0,0,,0,0,Na,Na,Na,1,0,0,0,0,0,Na,Na,Na,0,0,0,1,0,0,0,0,0,0,0,Na,0,2,1,2 liters,Na,2,3,0,0,Na,2,2,2,"SHOV, PICK",0,Na,Na,Na,0,N,Na,N,Na,1,N,NA,NA,NA,N,Na,Na,Na,Na,Na,Na,Na,0,0,0,0,0,$100,GOV,0,PAID,EXCHNGE,PAID,Na,ALNE,EXCHNGE,N,Na,N,Na,N,Na,N,Na,N,Na,1,"flour, rice, beans, sugar, coffe, soap",NA,NONE,Na,0,Na,Na,Na,Na,
74,75,PIPE,Y,N,0,0,NA,0,0,0,0,0,1,1,0,0,0,6,NA,NA,Na,5,7,0,4,0,Na,0,0,0,Na,Na,Na,1,0,0,0,0,0,Na,Na,Na,0,1,1,1,Na,0,0,1,1,0,2,BICI,0,5,2,0,Na,3,4,1,0,Na,2,1,,NONE,0,Na,Na,Na,0,Y,3,N,Na,0,N,NA,NA,NA,Y,12-Sep,Na,Na,Na,Na,Na,Na,0,0,0,0,0,0,Na,0,ALNE,EXCHNGE,EXCHNGE,EXCHNGE,EXCHNGE,EXCHNGE,N,Na,N,Na,N,Na,N,Na,N,Na,0,Na,Na,Na,Na,1,pepito,NA,Na,Na,also gets water from waterpump when the pipe is not working
75,76,PIPE,Y,N,0,1,0,0,1,0,1,0,1,4,0,0,0,2,2,0,Y,0,0,0,4,0,Na,0,0,0,Na,Na,Na,1,0,0,0,0,0,Na,Na,Na,0,0,1,1,1,0,1,0,0,0,2,BICI,1,4,4,2,"2,4 D, GRMXN",2,3,0,6,NA,1,2,NA,"HAMMR, SHOV, PICK",0,Na,Na,Na,0,N,Na,N,Na,0,N,NA,NA,NA,N,Na,Na,Na,Na,Na,Na,Na,0,0,0,0,0,0,Na,0,ALNE,EXCHNGE,ALNE,ALNE,ALNE,EXCHNGE,N,Na,N,Na,N,Na,N,Na,N,Na,1,none,Na,beans,$1bze/lb,1,"beans, pepito",$925/100lbs for pepito Quetzales,NONE,Na,
76,80,PIPE,Y,Y,0,0,NA,NA,0,0,Na,Na,0,0,Na,Na,Na,2,1,1,Y,0,0,0,0,Na,Na,Na,0,0,Na,Na,Na,0,0,Na,Na,0,0,Na,Na,Na,0,0,0,0,0,0,0,0,0,0,0,Na,0,1,0,0,Na,1,Na,0,0,Na,1,0,0,Na,0,Na,Na,Na,0,N,Na,N,Na,0,N,NA,N,NA,N,Na,Na,Na,Na,Na,Na,Na,0,0,0,0,0,0,Na,60/week,Na,Na,Na,Na,Na,PAID,N,Na,N,Na,N,Na,N,Na,N,Na,4,"rice, flour, beans, milk, oil",DK,Na,DK,Na,Na,Na,Na,Na,